Workbook
Name Excel_BuiltIn_Print_Area_1: "$#REF!.$B$2:$AT$212"
Name Excel_BuiltIn_Print_Area_1_1: "$#REF!.$B$2:$AT$197"
Name Excel_BuiltIn_Print_Area_10_1: "$'07'.$#REF!$#REF!:$#REF!$#REF!"
Name Excel_BuiltIn_Print_Area_10_1_1: "$'06'.$#REF!$#REF!:$#REF!$#REF!"
Name Excel_BuiltIn_Print_Area_10_1_1_1: "$'06'.$#REF!$#REF!:$#REF!$#REF!"
Name Excel_BuiltIn_Print_Area_11_1: "$'05'.$#REF!$#REF!:$#REF!$#REF!"
Name Excel_BuiltIn_Print_Area_11_1_1: "$'05'.$#REF!$#REF!:$#REF!$#REF!"
Name Excel_BuiltIn_Print_Area_11_1_1_1: "$'05'.$#REF!$#REF!:$#REF!$#REF!"
Name Excel_BuiltIn_Print_Area_12: "$#REF!.$A$1:$I$153"
Name Excel_BuiltIn_Print_Area_12_1: "$'04'.$#REF!$#REF!:$#REF!$#REF!"
Name Excel_BuiltIn_Print_Area_12_1_1: "$'04'.$#REF!$#REF!:$#REF!$#REF!"
Name Excel_BuiltIn_Print_Area_12_1_1_1: "$'04'.$#REF!$#REF!:$#REF!$#REF!"
Name Excel_BuiltIn_Print_Area_13: "$#REF!.$A$1:$I$93"
Name Excel_BuiltIn_Print_Area_13_1: "$'03'.$#REF!$#REF!:$#REF!$#REF!"
Name Excel_BuiltIn_Print_Area_13_1_1: "$'03'.$#REF!$#REF!:$#REF!$#REF!"
Name Excel_BuiltIn_Print_Area_14: "$'02'.$#REF!$#REF!:$#REF!$#REF!"
Name Excel_BuiltIn_Print_Area_14_1: "$'02'.$#REF!$#REF!:$#REF!$#REF!"
Name Excel_BuiltIn_Print_Area_15: "$'01'.$#REF!$#REF!:$#REF!$#REF!"
Name Excel_BuiltIn_Print_Area_16: "$#REF!.$A$1:$I$151"
Name Excel_BuiltIn_Print_Area_16_1: "$#REF!.$A$1:$I$188"
Name Excel_BuiltIn_Print_Area_18_1: "$#REF!.$A$1:$N$7"
Name Excel_BuiltIn_Print_Area_19_1: #REF!
Name Excel_BuiltIn_Print_Area_19_1: #REF!
Name Excel_BuiltIn_Print_Area_19_1: #REF!
Name Excel_BuiltIn_Print_Area_19_1: #REF!
Name Excel_BuiltIn_Print_Area_19_1: #REF!
Name Excel_BuiltIn_Print_Area_19_1: #REF!
Name Excel_BuiltIn_Print_Area_2_1: "$#REF!.$A$2:$AS$207"
Name Excel_BuiltIn_Print_Area_2_1_1: "$#REF!.$B$2:$FZ$233"
Name Excel_BuiltIn_Print_Area_2_1_1_1: "$'14'.$#REF!$#REF!:$#REF!$#REF!"
Name Excel_BuiltIn_Print_Area_2_1_1_1_1: "$#REF!.$A$1:$I$41"
Name Excel_BuiltIn_Print_Area_2_1_1_1_1_1: "$#REF!.$A$1:$I$3"
Name Excel_BuiltIn_Print_Area_20_1: #REF!
Name Excel_BuiltIn_Print_Area_20_1: #REF!
Name Excel_BuiltIn_Print_Area_20_1: #REF!
Name Excel_BuiltIn_Print_Area_20_1: #REF!
Name Excel_BuiltIn_Print_Area_20_1: #REF!
Name Excel_BuiltIn_Print_Area_20_1: #REF!
Name Excel_BuiltIn_Print_Area_20_1_1: "$#REF!.$A$1:$AO$6"
Name Excel_BuiltIn_Print_Area_20_1_1_1: "$#REF!.$A$1:$AN$6"
Name Excel_BuiltIn_Print_Area_20_1_1_1_1: "$#REF!.$A$1:$H$7"
Name Excel_BuiltIn_Print_Area_21_1: "$#REF!.$A$1:$AN$6"
Name Excel_BuiltIn_Print_Area_21_1_1: "$#REF!.$A$1:$AS$206"
Name Excel_BuiltIn_Print_Area_21_1_1_1: "$#REF!.$#REF!$#REF!:$#REF!$#REF!"
Name Excel_BuiltIn_Print_Area_22_1: #REF!
Name Excel_BuiltIn_Print_Area_22_1: #REF!
Name Excel_BuiltIn_Print_Area_22_1: #REF!
Name Excel_BuiltIn_Print_Area_22_1: #REF!
Name Excel_BuiltIn_Print_Area_22_1: #REF!
Name Excel_BuiltIn_Print_Area_22_1: #REF!
Name Excel_BuiltIn_Print_Area_22_1_1: #REF!
Name Excel_BuiltIn_Print_Area_22_1_1: #REF!
Name Excel_BuiltIn_Print_Area_22_1_1: #REF!
Name Excel_BuiltIn_Print_Area_22_1_1: #REF!
Name Excel_BuiltIn_Print_Area_22_1_1: #REF!
Name Excel_BuiltIn_Print_Area_22_1_1: #REF!
Name Excel_BuiltIn_Print_Area_22_1_1_1: "$#REF!.$A$1:$AO$6"
Name Excel_BuiltIn_Print_Area_22_1_1_1_1: "$#REF!.$A$1:$AN$6"
Name Excel_BuiltIn_Print_Area_22_1_1_1_1_1: #REF!
Name Excel_BuiltIn_Print_Area_22_1_1_1_1_1: #REF!

Sheet Sheet2
A1: NO | B1: JENIS SURAT | C1: PERIHAL | D1: NAMA | E1: BERLAKU | F1: LEVEL | G1: KATEGORI
A2: 1 | B2: Surat Keputusan | C2: Promosi Jabatan | D2: Jefri Boymau | E2: 46143 | F2: 7 | G2: -
A3: 2 | B3: Surat Keputusan | C3: Promosi Jabatan | D3: Guntur Yoso Nasution | E3: 46143 | F3: 7 | G3: -
A4: 3 | B4: Surat Keputusan | C4: Promosi Jabatan | D4: Dhinar Sandy Hermansyah | E4: 46146 | F4: 7 | G4: -
A5: 4 | B5: Surat Keputusan | C5: Promosi Jabatan | D5: Bonifasius Sonlai | E5: 46143 | F5: 7 | G5: -
A6: 5 | B6: Surat Keputusan | C6: Promosi Jabatan | D6: James Saban | E6: 46143 | F6: 7 | G6: -
A7: 6 | B7: Surat Keputusan | C7: Promosi Jabatan | D7: Fortunatus Nestor Sakan | E7: 46143 | F7: 7 | G7: -
A8: 7 | B8: Surat Keputusan | C8: Promosi Jabatan | D8: Doni Alexander Tallo | E8: 46143 | F8: 7 | G8: -
A9: 8 | B9: Surat Keputusan | C9: Promosi Jabatan | D9: Sepri Obaja Talan | E9: 46143 | F9: 9 | G9: A
A10: 9 | B10: Surat Pemberitahuan | C10: Perubahan Nama Jabatan & Kenaikan Level Jabatan | D10: Khairuddin | E10: 46143 | F10: 7 | G10: -
A11: 10 | B11: Surat Pemberitahuan | C11: Perubahan Nama Jabatan & Kenaikan Level Jabatan | D11: Henry Agus Widjajanto | E11: 46143 | F11: 11 | G11: -
A12: 11 | B12: Surat Pemberitahuan | C12: Kenaikan Jabatan & Kenaikan Level | D12: Anggi Aruli | E12: 46143 | F12: 11 | G12: -
A13: 12 | B13: Surat Pemberitahuan | C13: Kenaikan Jabatan & Kenaikan Level | D13: Plasidus Uga | E13: 46143 | F13: 13 | G13: -
... A43: 42 | B43: Surat Pemberitahuan | C43: Perubahan Nama Jabatan | D43: Ferianto | E43: 46143 | F43: 7 | G43: A

Sheet HRIS
AC1: Freelance | AF1: Freelance | AO1: Kontrak 3 | BE1: Lama Kerja
A2: NO | B2: PIN | C2: NIK | D2: Area | E2: Nama | F2: Jabatan | G2: Status Pekerjaan | H2: Habis Kontrak | I2: Kategori | J2: Level | K2: Area Rekrut | L2: NIK KTP | M2: No KK | N2: Agama | O2: Tempat Lahir | P2: Tanggal Lahir | Q2: Umur | R2: Alamat | S2: Jenis Kelamin | T2: Status Kawin | U2: Jumlah Anak | V2: Pendidikan | W2: BPJS TK | X2: BPJS KESEHATAN | Y2: No HP | Z2: No Rek BNI | AA2: NPWP | AB2: Email | AC2: 1 | AD2: 2 | AE2: 3 | AF2: 4 | AG2: 5 | AH2: 6 | AI2: PK 1 Awal | AJ2: PK 1 Akhir | AK2: GT 1 | AL2: PK 2 Awal | AM2: PK 2 Akhir | AN2: GT 2 | AO2: PK 3 Awal | AP2: PK 3 Akhir | AQ2: GT 3 | AR2: PK 4 Awal | AS2: PK 4 Akhir | AT2: GT 4 | AU2: PK 5 Awal | AV2: PK 5 Akhir | AW2: GT 5 | AX2: PK 6 Awal | AY2: PK 6 Akhir | AZ2: GT 6 | BA2: PK 7 Awal | BB2: PK 7 Akhir | BC2: GT 7 | BD2: Awal Kontrak berlaku | BE2: YY | BF2: MM | BG2: DD
A3: 1 | B3: 55001 | C3: A01001 | D3: G. Induk | E3: DONNY STEVANUS | F3: Manager Regional Area | G3: =IF(AI3="","Perekrutan",IF(BE3>4,"Tetap",IF(BA3<>"","Kontrak VII",IF(AX3<>"","Kontrak VI",IF(AU3<>"","Kontrak V",IF(AR3<>"","Kontrak IV",IF(AO3<>"","Kontrak III",IF(AL3<>"","Kontrak II",IF(AI3<>"","Kontrak I",""))))))))) -> Tetap | H3: =IF(G3="Tetap","",IF(BA3<>"",BB3,IF(AX3<>"",AY3,IF(AU3<>"",AV3,IF(AR3<>"",AS3,IF(AO3<>"",AP3,IF(AL3<>"",AM3,IF(AI3<>"",AJ3,"")))))))) | K3: Malang | L3: 3507132001830003 | N3: Kristen | O3: Malang | P3: 30336 | Q3: =IF(P3="","",(DATEDIF(P3,TODAY(),"Y"))) -> 43 | R3: Semanding RT 009 RW 004 Desa Curungrejo Kec. Kepanjen Kab. Malang | S3: L | T3: Kawin | U3: K01 | Z3: 1654056600 | AA3: 587497850654000 | AI3: 39896 | AJ3: 40080 | AK3: =IF(AJ3="","",(DATEDIF(AI3,AJ3,"M")+1)) -> 7 | AL3: 40081 | AM3: 40446 | AN3: =IF(AM3="","",(DATEDIF(AL3,AM3,"M")+1)) -> 13 | AQ3: =IF(AP3="","",(DATEDIF(AO3,AP3,"M")+1)) | AT3: =IF(AS3="","",(DATEDIF(AR3,AS3,"M")+1)) | AZ3: =IF(AY3="","",(DATEDIF(AX3,AY3,"M")+1)) | BC3: =IF(BB3="","",(DATEDIF(BA3,BB3,"M")+1)) | BD3: =IF(G3="Tetap","",IF(BA3<>"",BA3,IF(AX3<>"",AX3,IF(AU3<>"",AU3,IF(AR3<>"",AR3,IF(AO3<>"",AO3,IF(AL3<>"",AL3,IF(AI3<>"",AI3,"")))))))) | BE3: =IF($AI3="","0",(DATEDIF($AI3,TODAY(),"Y"))) -> 17 | BF3: =IF($AI3="","",(DATEDIF($AI3,TODAY(),"YM"))) -> 6 | BG3: =IF($AI3="","",(DATEDIF($AI3,TODAY(),"MD"))) -> 9
A4: =A3+1 -> 2 | B4: 55003 | C4: A01003 | D4: G. Induk | E4: RAFICA DWI ANANTA | F4: Admin Gudang Induk merangkap Kepala Gd. Induk | G4: =IF(AI4="","Perekrutan",IF(BE4>4,"Tetap",IF(BA4<>"","Kontrak VII",IF(AX4<>"","Kontrak VI",IF(AU4<>"","Kontrak V",IF(AR4<>"","Kontrak IV",IF(AO4<>"","Kontrak III",IF(AL4<>"","Kontrak II",IF(AI4<>"","Kontrak I",""))))))))) -> Tetap | H4: =IF(G4="Tetap","",IF(BA4<>"",BB4,IF(AX4<>"",AY4,IF(AU4<>"",AV4,IF(AR4<>"",AS4,IF(AO4<>"",AP4,IF(AL4<>"",AM4,IF(AI4<>"",AJ4,"")))))))) | I4: B | J4: 7 | K4: Labuhanbatu-Sumut II | L4: 1271202209790004 | N4: Islam | O4: Rantauprapat | P4: 35060 | Q4: =IF(P4="","",(DATEDIF(P4,TODAY(),"Y"))) -> 30 | R4: Jl Tirta Bina No.103 RT 001 RW 001 Desa Rantauprapat Kec. Rantau Utara Kab. Labuhanbatu Sumut | S4: P | T4: Kawin | U4: K01 | V4: S1 | Z4: 341235821 | AA4: 1210016712950001 | AC4: 02 Mei - 04 Juni 2019 | AI4: 43626 | AJ4: 43809 | AK4: =IF(AJ4="","",(DATEDIF(AI4,AJ4,"M")+1)) -> 7 | AL4: 43810 | AM4: 43993 | AN4: =IF(AM4="","",(DATEDIF(AL4,AM4,"M")+1)) -> 7 | AO4: 43994 | AP4: 44724 | AQ4: =IF(AP4="","",(DATEDIF(AO4,AP4,"M")+1)) -> 25 | AR4: 44725 | AS4: 45473 | AT4: =IF(AS4="","",(DATEDIF(AR4,AS4,"M")+1)) -> 25 | AW4: =IF(AV4="","",(DATEDIF(AU4,AV4,"M")+1)) | AZ4: =IF(AY4="","",(DATEDIF(AX4,AY4,"M")+1)) | BC4: =IF(BB4="","",(DATEDIF(BA4,BB4,"M")+1)) | BD4: =IF(G4="Tetap","",IF(BA4<>"",BA4,IF(AX4<>"",AX4,IF(AU4<>"",AU4,IF(AR4<>"",AR4,IF(AO4<>"",AO4,IF(AL4<>"",AL4,IF(AI4<>"",AI4,"")))))))) | BE4: =IF($AI4="","0",(DATEDIF($AI4,TODAY(),"Y"))) -> 7 | BF4: =IF($AI4="","",(DATEDIF($AI4,TODAY(),"YM"))) -> 3 | BG4: =IF($AI4="","",(DATEDIF($AI4,TODAY(),"MD"))) -> 23
A5: =A4+1 -> 3 | B5: 55004 | C5: A01004 | D5: G. Induk | E5: DINDA KARINA | F5: Administrasi Penjualan & Gudang (Kecil) Area | G5: =IF(AI5="","Perekrutan",IF(BE5>4,"Tetap",IF(BA5<>"","Kontrak VII",IF(AX5<>"","Kontrak VI",IF(AU5<>"","Kontrak V",IF(AR5<>"","Kontrak IV",IF(AO5<>"","Kontrak III",IF(AL5<>"","Kontrak II",IF(AI5<>"","Kontrak I",""))))))))) -> Kontrak IV | H5: =IF(G5="Tetap","",IF(BA5<>"",BB5,IF(AX5<>"",AY5,IF(AU5<>"",AV5,IF(AR5<>"",AS5,IF(AO5<>"",AP5,IF(AL5<>"",AM5,IF(AI5<>"",AJ5,"")))))))) -> 46356 | I5: A | J5: 3 | K5: Kab. Asahan | L5: 1209126505990001 | N5: Islam | O5: Pekan Baru | P5: 36303 | Q5: =IF(P5="","",(DATEDIF(P5,TODAY(),"Y"))) -> 27 | R5: Dusun IV Pulau Maria RT / RW 000 Desa Pulau Maria Kec. Teluk Dalam Kab. Asahan Sumut | S5: P | T5: Belum Kawin | U5: - | V5: S1 Pertanian | Z5: 1888997073 | AA5: 1209126505990001 | AC5: 14 Okt - 12 Nov 2024 | AI5: 45609 | AJ5: 45747 | AK5: =IF(AJ5="","",(DATEDIF(AI5,AJ5,"M")+1)) -> 5 | AL5: 45748 | AM5: 45869 | AN5: =IF(AM5="","",(DATEDIF(AL5,AM5,"M")+1)) -> 4 | AO5: 45870 | AP5: 45991 | AQ5: =IF(AP5="","",(DATEDIF(AO5,AP5,"M")+1)) -> 4 | AR5: 45992 | AS5: 46356 | AT5: =IF(AS5="","",(DATEDIF(AR5,AS5,"M")+1)) -> 12 | AW5: =IF(AV5="","",(DATEDIF(AU5,AV5,"M")+1)) | AZ5: =IF(AY5="","",(DATEDIF(AX5,AY5,"M")+1)) | BC5: =IF(BB5="","",(DATEDIF(BA5,BB5,"M")+1)) | BD5: =IF(G5="Tetap","",IF(BA5<>"",BA5,IF(AX5<>"",AX5,IF(AU5<>"",AU5,IF(AR5<>"",AR5,IF(AO5<>"",AO5,IF(AL5<>"",AL5,IF(AI5<>"",AI5,"")))))))) -> 45992 | BE5: =IF($AI5="","0",(DATEDIF($AI5,TODAY(),"Y"))) -> 1 | BF5: =IF($AI5="","",(DATEDIF($AI5,TODAY(),"YM"))) -> 10 | BG5: =IF($AI5="","",(DATEDIF($AI5,TODAY(),"MD"))) -> 20
A6: =A5+1 -> 4 | D6: G. Induk | E6: YUSUF HAMDANI | F6: Pekerja Gudang | G6: =IF(AI6="","Perekrutan",IF(BE6>4,"Tetap",IF(BA6<>"","Kontrak VII",IF(AX6<>"","Kontrak VI",IF(AU6<>"","Kontrak V",IF(AR6<>"","Kontrak IV",IF(AO6<>"","Kontrak III",IF(AL6<>"","Kontrak II",IF(AI6<>"","Kontrak I",""))))))))) -> Kontrak I | H6: =IF(G6="Tetap","",IF(BA6<>"",BB6,IF(AX6<>"",AY6,IF(AU6<>"",AV6,IF(AR6<>"",AS6,IF(AO6<>"",AP6,IF(AL6<>"",AM6,IF(AI6<>"",AJ6,"")))))))) -> 46326 | K6: Kab. Labuhanbatu | L6: 1210012303010005 | N6: Islam | O6: Rantauprapat | P6: 36973 | Q6: =IF(P6="","",(DATEDIF(P6,TODAY(),"Y"))) -> 25 | R6: Gg. Mesjid Al Musahada / LK. Padat Karya, RT/RW 000, Kel. Bakaran Batu, Kec. Rantau Selatan, Kab. Labuhanbatu | S6: L | T6: Belum Kawin | U6: - | V6: SMA IPS | Z6: 1933247453 | AC6: 22 Apr - 18 Mei 2026 | AD6: 19 Mei - 13 Juni 2026 | AE6: 15 Juni - 08 Juli 2026 | AI6: 46204 | AJ6: 46326 | AK6: =IF(AJ6="","",(DATEDIF(AI6,AJ6,"M")+1)) -> 4 | AN6: =IF(AM6="","",(DATEDIF(AL6,AM6,"M")+1)) | AQ6: =IF(AP6="","",(DATEDIF(AO6,AP6,"M")+1)) | AT6: =IF(AS6="","",(DATEDIF(AR6,AS6,"M")+1)) | AW6: =IF(AV6="","",(DATEDIF(AU6,AV6,"M")+1)) | AZ6: =IF(AY6="","",(DATEDIF(AX6,AY6,"M")+1)) | BC6: =IF(BB6="","",(DATEDIF(BA6,BB6,"M")+1)) | BD6: =IF(G6="Tetap","",IF(BA6<>"",BA6,IF(AX6<>"",AX6,IF(AU6<>"",AU6,IF(AR6<>"",AR6,IF(AO6<>"",AO6,IF(AL6<>"",AL6,IF(AI6<>"",AI6,"")))))))) -> 46204 | BE6: =IF($AI6="","0",(DATEDIF($AI6,TODAY(),"Y"))) -> 0 | BF6: =IF($AI6="","",(DATEDIF($AI6,TODAY(),"YM"))) -> 3 | BG6: =IF($AI6="","",(DATEDIF($AI6,TODAY(),"MD"))) -> 2
A7: =A6+1 -> 5 | B7: 55005 | C7: A01005 | D7: G. Induk | E7: RAHMAD SYUKUR RITONGA | F7: Sopir | G7: =IF(AI7="","Perekrutan",IF(BE7>4,"Tetap",IF(BA7<>"","Kontrak VII",IF(AX7<>"","Kontrak VI",IF(AU7<>"","Kontrak V",IF(AR7<>"","Kontrak IV",IF(AO7<>"","Kontrak III",IF(AL7<>"","Kontrak II",IF(AI7<>"","Kontrak I",""))))))))) -> Kontrak IV | H7: =IF(G7="Tetap","",IF(BA7<>"",BB7,IF(AX7<>"",AY7,IF(AU7<>"",AV7,IF(AR7<>"",AS7,IF(AO7<>"",AP7,IF(AL7<>"",AM7,IF(AI7<>"",AJ7,"")))))))) -> 46660 | I7: - | J7: - | K7: Kab. Labuhanbatu | L7: 1210020609020004 | N7: Islam | O7: Rantauprapat | P7: 37505 | Q7: =IF(P7="","",(DATEDIF(P7,TODAY(),"Y"))) -> 24 | R7: Jl. Suka Dame Lingk. Simp. IV Padang Pasir RT / RW 000 Desa Urung Kompas Kec. Rantau Selatan Kab. Labuhanbatu Sumut | S7: L | T7: Belum Kawin | U7: - | V7: SMK | Z7: 1917230787 | AA7: 993940089116000 | AC7: Sopir Lepas | AI7: 45916 | AJ7: 46053 | AK7: =IF(AJ7="","",(DATEDIF(AI7,AJ7,"M")+1)) -> 5 | AL7: 46054 | AM7: 46173 | AN7: =IF(AM7="","",(DATEDIF(AL7,AM7,"M")+1)) -> 4 | AO7: 46174 | AP7: 46295 | AQ7: =IF(AP7="","",(DATEDIF(AO7,AP7,"M")+1)) -> 4 | AR7: 46296 | AS7: 46660 | AT7: =IF(AS7="","",(DATEDIF(AR7,AS7,"M")+1)) -> 12 | AW7: =IF(AV7="","",(DATEDIF(AU7,AV7,"M")+1)) | AZ7: =IF(AY7="","",(DATEDIF(AX7,AY7,"M")+1)) | BC7: =IF(BB7="","",(DATEDIF(BA7,BB7,"M")+1)) | BD7: =IF(G7="Tetap","",IF(BA7<>"",BA7,IF(AX7<>"",AX7,IF(AU7<>"",AU7,IF(AR7<>"",AR7,IF(AO7<>"",AO7,IF(AL7<>"",AL7,IF(AI7<>"",AI7,"")))))))) -> 46296 | BE7: =IF($AI7="","0",(DATEDIF($AI7,TODAY(),"Y"))) -> 1 | BF7: =IF($AI7="","",(DATEDIF($AI7,TODAY(),"YM"))) -> 0 | BG7: =IF($AI7="","",(DATEDIF($AI7,TODAY(),"MD"))) -> 17
A8: 1 | B8: 55007 | C8: A02001 | D8: RIAU | E8: ANGGI ARULI | F8: Plt Ka. Area Pekan Baru | G8: =IF(AI8="","Perekrutan",IF(BE8>4,"Tetap",IF(BA8<>"","Kontrak VII",IF(AX8<>"","Kontrak VI",IF(AU8<>"","Kontrak V",IF(AR8<>"","Kontrak IV",IF(AO8<>"","Kontrak III",IF(AL8<>"","Kontrak II",IF(AI8<>"","Kontrak I",""))))))))) -> Kontrak IV | H8: =IF(G8="Tetap","",IF(BA8<>"",BB8,IF(AX8<>"",AY8,IF(AU8<>"",AV8,IF(AR8<>"",AS8,IF(AO8<>"",AP8,IF(AL8<>"",AM8,IF(AI8<>"",AJ8,"")))))))) -> 46387 | I8: - | J8: 11 | K8: P. Siantar | L8: 1271200307810004 | M8: 1271040606120003 | N8: Islam | O8: Medan | P8: 29770 | Q8: =IF(P8="","",(DATEDIF(P8,TODAY(),"Y"))) -> 45 | R8: Jl. Kesehatan Gg. Cinta Mata No. 4, RT 000 / RW 000, Kelurahan Medan Tenggara, Kecamatan Medan Denai, Kota Medan | S8: L | T8: Kawin | U8: K02 | V8: S1 Ekonomi | Y8: 0853-6408-6145 | Z8: 1918046458 | AA8: 1271200307810004 | AB8: Anggiarulli1982@gmail.com | AC8: Freelance | AI8: 45659 | AJ8: 45777 | AK8: =IF(AJ8="","",(DATEDIF(AI8,AJ8,"M")+1)) -> 4 | AL8: 45778 | AM8: 45900 | AN8: =IF(AM8="","",(DATEDIF(AL8,AM8,"M")+1)) -> 4 | AO8: 45901 | AP8: 46022 | AQ8: =IF(AP8="","",(DATEDIF(AO8,AP8,"M")+1)) -> 4 | AR8: 46023 | AS8: 46387 | AT8: =IF(AS8="","",(DATEDIF(AR8,AS8,"M")+1)) -> 12 | AW8: =IF(AV8="","",(DATEDIF(AU8,AV8,"M")+1)) | AZ8: =IF(AY8="","",(DATEDIF(AX8,AY8,"M")+1)) | BC8: =IF(BB8="","",(DATEDIF(BA8,BB8,"M")+1)) | BD8: =IF(G8="Tetap","",IF(BA8<>"",BA8,IF(AX8<>"",AX8,IF(AU8<>"",AU8,IF(AR8<>"",AR8,IF(AO8<>"",AO8,IF(AL8<>"",AL8,IF(AI8<>"",AI8,"")))))))) -> 46023 | BE8: =IF($AI8="","0",(DATEDIF($AI8,TODAY(),"Y"))) -> 1 | BF8: =IF($AI8="","",(DATEDIF($AI8,TODAY(),"YM"))) -> 9 | BG8: =IF($AI8="","",(DATEDIF($AI8,TODAY(),"MD"))) -> 1
A9: =A8+1 -> 2 | B9: 55008 | C9: A02002 | D9: RIAU | E9: ADI HENRATNO | F9: Sales Executive (Dropping) | G9: =IF(AI9="","Perekrutan",IF(BE9>4,"Tetap",IF(BA9<>"","Kontrak VII",IF(AX9<>"","Kontrak VI",IF(AU9<>"","Kontrak V",IF(AR9<>"","Kontrak IV",IF(AO9<>"","Kontrak III",IF(AL9<>"","Kontrak II",IF(AI9<>"","Kontrak I",""))))))))) -> Tetap | H9: =IF(G9="Tetap","",IF(BA9<>"",BB9,IF(AX9<>"",AY9,IF(AU9<>"",AV9,IF(AR9<>"",AS9,IF(AO9<>"",AP9,IF(AL9<>"",AM9,IF(AI9<>"",AJ9,"")))))))) | I9: A | J9: 9 | K9: Kab. Labuhanbatu | L9: 1210011501870001 | M9: 1210010206110003 | N9: Islam | O9: Negeri Lama Seberang | P9: 31792 | Q9: =IF(P9="","",(DATEDIF(P9,TODAY(),"Y"))) -> 39 | R9: Jl. Balai Desa Gg. Amal, RT 000 / Rw 000, Desa Padang Bulan, Kecamatan Rantau Utara, Kabupaten Labuhanbatu | S9: L | T9: Cerai Hidup | U9: TK01 | Y9: 0853-8125-8571 | Z9: 1815077867 | AA9: 1210011501870001 | AB9: hendraa6541@gmail.com | AC9: 3 Juli - 03 Agust 2019 | AI9: 43664 | AJ9: 43848 | AK9: =IF(AJ9="","",(DATEDIF(AI9,AJ9,"M")+1)) -> 7 | AL9: 43850 | AM9: 44032 | AN9: =IF(AM9="","",(DATEDIF(AL9,AM9,"M")+1)) -> 7 | AO9: 44033 | AP9: 44763 | AQ9: =IF(AP9="","",(DATEDIF(AO9,AP9,"M")+1)) -> 25 | AR9: 44764 | AS9: 45504 | AT9: =IF(AS9="","",(DATEDIF(AR9,AS9,"M")+1)) -> 25 | AW9: =IF(AV9="","",(DATEDIF(AU9,AV9,"M")+1)) | AZ9: =IF(AY9="","",(DATEDIF(AX9,AY9,"M")+1)) | BC9: =IF(BB9="","",(DATEDIF(BA9,BB9,"M")+1)) | BD9: =IF(G9="Tetap","",IF(BA9<>"",BA9,IF(AX9<>"",AX9,IF(AU9<>"",AU9,IF(AR9<>"",AR9,IF(AO9<>"",AO9,IF(AL9<>"",AL9,IF(AI9<>"",AI9,"")))))))) | BE9: =IF($AI9="","0",(DATEDIF($AI9,TODAY(),"Y"))) -> 7 | BF9: =IF($AI9="","",(DATEDIF($AI9,TODAY(),"YM"))) -> 2 | BG9: =IF($AI9="","",(DATEDIF($AI9,TODAY(),"MD"))) -> 15
A10: =A9+1 -> 3 | B10: 55009 | C10: A02003 | D10: RIAU | E10: ANTONIUS MANULLANG | F10: Sales Executive (Dropping) | G10: =IF(AI10="","Perekrutan",IF(BE10>4,"Tetap",IF(BA10<>"","Kontrak VII",IF(AX10<>"","Kontrak VI",IF(AU10<>"","Kontrak V",IF(AR10<>"","Kontrak IV",IF(AO10<>"","Kontrak III",IF(AL10<>"","Kontrak II",IF(AI10<>"","Kontrak I",""))))))))) -> Tetap | H10: =IF(G10="Tetap","",IF(BA10<>"",BB10,IF(AX10<>"",AY10,IF(AU10<>"",AV10,IF(AR10<>"",AS10,IF(AO10<>"",AP10,IF(AL10<>"",AM10,IF(AI10<>"",AJ10,"")))))))) | I10: A | J10: 9 | K10: P.Siantar | L10: 1218051101910001 | M10: 1272072207190001 | N10: Katolik | O10: Pematang Panjang | P10: 33249 | Q10: =IF(P10="","",(DATEDIF(P10,TODAY(),"Y"))) -> 35 | R10: Jl. Viyata Yudha. Btn Blok G-1, RT 001 / RW 001. Kelurahan Bah Kapul, Kecamatan Siantar Sitalasari, Kota Pematangsiantar | S10: L | T10: Kawin | U10: K03 | Y10: 0823-6455-1666 | Z10: 834382809 | AA10: 1218051101910001 | AB10: antonius110191@gmail.com | AC10: 02 Sep - 02 Okt 2011 | AI10: 40819 | AJ10: 40911 | AK10: =IF(AJ10="","",(DATEDIF(AI10,AJ10,"M")+1)) -> 4 | AL10: 40912 | AM10: 41429 | AN10: =IF(AM10="","",(DATEDIF(AL10,AM10,"M")+1)) -> 18 | AQ10: =IF(AP10="","",(DATEDIF(AO10,AP10,"M")+1)) | AT10: =IF(AS10="","",(DATEDIF(AR10,AS10,"M")+1)) | AW10: =IF(AV10="","",(DATEDIF(AU10,AV10,"M")+1)) | AZ10: =IF(AY10="","",(DATEDIF(AX10,AY10,"M")+1)) | BC10: =IF(BB10="","",(DATEDIF(BA10,BB10,"M")+1)) | BD10: =IF(G10="Tetap","",IF(BA10<>"",BA10,IF(AX10<>"",AX10,IF(AU10<>"",AU10,IF(AR10<>"",AR10,IF(AO10<>"",AO10,IF(AL10<>"",AL10,IF(AI10<>"",AI10,"")))))))) | BE10: =IF($AI10="","0",(DATEDIF($AI10,TODAY(),"Y"))) -> 15 | BF10: =IF($AI10="","",(DATEDIF($AI10,TODAY(),"YM"))) -> 0 | BG10: =IF($AI10="","",(DATEDIF($AI10,TODAY(),"MD"))) -> 0
A11: =A10+1 -> 4 | B11: 55010 | C11: A02004 | D11: RIAU | E11: KHAIRUDDIN | F11: Sales Executive (Dropping) | G11: =IF(AI11="","Perekrutan",IF(BE11>4,"Tetap",IF(BA11<>"","Kontrak VII",IF(AX11<>"","Kontrak VI",IF(AU11<>"","Kontrak V",IF(AR11<>"","Kontrak IV",IF(AO11<>"","Kontrak III",IF(AL11<>"","Kontrak II",IF(AI11<>"","Kontrak I",""))))))))) -> Kontrak IV | H11: =IF(G11="Tetap","",IF(BA11<>"",BB11,IF(AX11<>"",AY11,IF(AU11<>"",AV11,IF(AR11<>"",AS11,IF(AO11<>"",AP11,IF(AL11<>"",AM11,IF(AI11<>"",AJ11,"")))))))) -> 46598 | I11: - | J11: 7 | K11: Kab. Rokan Hilir | L11: 1407102502830001 | M11: 1407050901200004 | N11: Islam | O11: A. Jamu | P11: 30372 | Q11: =IF(P11="","",(DATEDIF(P11,TODAY(),"Y"))) -> 43 | R11: Jl. Sisingamangaraja Raja, RT 001 / RW 010, Desa Bagan Batu Kota, Kecamatan Bagan Sinembah, Kabupaten Rokan Hilir | S11: L | T11: Cerai Hidup | U11: TK01 | Y11: 0822-1568-2435 | Z11: 1411581796 | AA11: 600036537212000 | AB11: Dennjaka5@gmail.com | AC11: Freelance | AI11: 44726 | AJ11: 44865 | AK11: =IF(AJ11="","",(DATEDIF(AI11,AJ11,"M")+1)) -> 5 | AL11: 44866 | AM11: 45230 | AN11: =IF(AM11="","",(DATEDIF(AL11,AM11,"M")+1)) -> 12 | AO11: 45231 | AP11: 45596 | AQ11: =IF(AP11="","",(DATEDIF(AO11,AP11,"M")+1)) -> 12 | AR11: 45597 | AS11: 46598 | AT11: =IF(AS11="","",(DATEDIF(AR11,AS11,"M")+1)) -> 33 | AW11: =IF(AV11="","",(DATEDIF(AU11,AV11,"M")+1)) | AZ11: =IF(AY11="","",(DATEDIF(AX11,AY11,"M")+1)) | BC11: =IF(BB11="","",(DATEDIF(BA11,BB11,"M")+1)) | BD11: =IF(G11="Tetap","",IF(BA11<>"",BA11,IF(AX11<>"",AX11,IF(AU11<>"",AU11,IF(AR11<>"",AR11,IF(AO11<>"",AO11,IF(AL11<>"",AL11,IF(AI11<>"",AI11,"")))))))) -> 45597 | BE11: =IF($AI11="","0",(DATEDIF($AI11,TODAY(),"Y"))) -> 4 | BF11: =IF($AI11="","",(DATEDIF($AI11,TODAY(),"YM"))) -> 3 | BG11: =IF($AI11="","",(DATEDIF($AI11,TODAY(),"MD"))) -> 19
A12: =A11+1 -> 5 | B12: 55011 | C12: A02005 | D12: RIAU | E12: SYAMSUL BAHRI NASUTION | F12: Sopir | G12: =IF(AI12="","Perekrutan",IF(BE12>4,"Tetap",IF(BA12<>"","Kontrak VII",IF(AX12<>"","Kontrak VI",IF(AU12<>"","Kontrak V",IF(AR12<>"","Kontrak IV",IF(AO12<>"","Kontrak III",IF(AL12<>"","Kontrak II",IF(AI12<>"","Kontrak I",""))))))))) -> Kontrak I | H12: =IF(G12="Tetap","",IF(BA12<>"",BB12,IF(AX12<>"",AY12,IF(AU12<>"",AV12,IF(AR12<>"",AS12,IF(AO12<>"",AP12,IF(AL12<>"",AM12,IF(AI12<>"",AJ12,"")))))))) -> 46356 | I12: A | J12: - | K12: Kota Pekanbaru | L12: 1210020908800006 | M12: 1407051112170008 | N12: Islam | O12: Labuhan Bilik | P12: 29442 | Q12: =IF(P12="","",(DATEDIF(P12,TODAY(),"Y"))) -> 46 | R12: Jl. Mawar, RT 001 / RW 002, Kelurahan Bhayangkara Jaya, Kecamatan Bagan Sinembah, Kabupaten Rokan Hilir | S12: L | T12: Kawin | U12: K02 | V12: SMK Teknik Permesinan | Y12: 0823-8469-4377 | Z12: 2055837542 | AA12: 138966478212000 | AB12: samsulbahrinstbahri@gmail.com | AC12: 29 Apr - 25 Mei 2026 | AD12: 26 Mei - 22 Jun 2026 | AE12: 23 Jun - 15 Juli 2026 | AI12: 46220 | AJ12: 46356 | AK12: =IF(AJ12="","",(DATEDIF(AI12,AJ12,"M")+1)) -> 5 | AN12: =IF(AM12="","",(DATEDIF(AL12,AM12,"M")+1)) | AQ12: =IF(AP12="","",(DATEDIF(AO12,AP12,"M")+1)) | AT12: =IF(AS12="","",(DATEDIF(AR12,AS12,"M")+1)) | AW12: =IF(AV12="","",(DATEDIF(AU12,AV12,"M")+1)) | AZ12: =IF(AY12="","",(DATEDIF(AX12,AY12,"M")+1)) | BC12: =IF(BB12="","",(DATEDIF(BA12,BB12,"M")+1)) | BD12: =IF(G12="Tetap","",IF(BA12<>"",BA12,IF(AX12<>"",AX12,IF(AU12<>"",AU12,IF(AR12<>"",AR12,IF(AO12<>"",AO12,IF(AL12<>"",AL12,IF(AI12<>"",AI12,"")))))))) -> 46220 | BE12: =IF($AI12="","0",(DATEDIF($AI12,TODAY(),"Y"))) -> 0 | BF12: =IF($AI12="","",(DATEDIF($AI12,TODAY(),"YM"))) -> 2 | BG12: =IF($AI12="","",(DATEDIF($AI12,TODAY(),"MD"))) -> 16
A13: =A12+1 -> 6 | B13: 55012 | C13: A02006 | D13: RIAU | E13: IRAWAN SYAHPUTRA | F13: Sopir | G13: =IF(AI13="","Perekrutan",IF(BE13>4,"Tetap",IF(BA13<>"","Kontrak VII",IF(AX13<>"","Kontrak VI",IF(AU13<>"","Kontrak V",IF(AR13<>"","Kontrak IV",IF(AO13<>"","Kontrak III",IF(AL13<>"","Kontrak II",IF(AI13<>"","Kontrak I",""))))))))) -> Kontrak I | H13: =IF(G13="Tetap","",IF(BA13<>"",BB13,IF(AX13<>"",AY13,IF(AU13<>"",AV13,IF(AR13<>"",AS13,IF(AO13<>"",AP13,IF(AL13<>"",AM13,IF(AI13<>"",AJ13,"")))))))) -> 46387 | I13: A | J13: - | K13: Kota Pekanbaru | L13: 1405112303730000 | M13: 1405112504120013 | N13: Islam | O13: B. Betsy | P13: 26746 | Q13: =IF(P13="","",(DATEDIF(P13,TODAY(),"Y"))) -> 53 | R13: Dusun Kampung Tengah, RT 003 / RW 002, Desa Muda Setia, Kecamatan Bandar Sei Kijang, Kabupaten Pelalawan | S13: L | T13: Kawin | U13: K02 | V13: SMK | Y13: 0882-7122-6022 | Z13: 2078634217 | AB13: iwanpku734@gmail.com | AC13: 02 - 26 Juni 2026 | AD13: 27 Juni - 21 Juli 2026 | AE13: 22 Juli - 13 Agust 2026 | AI13: 46249 | AJ13: 46387 | AK13: =IF(AJ13="","",(DATEDIF(AI13,AJ13,"M")+1)) -> 5 | AQ13: =IF(AP13="","",(DATEDIF(AO13,AP13,"M")+1)) | AT13: =IF(AS13="","",(DATEDIF(AR13,AS13,"M")+1)) | AZ13: =IF(AY13="","",(DATEDIF(AX13,AY13,"M")+1)) | BC13: =IF(BB13="","",(DATEDIF(BA13,BB13,"M")+1)) | BD13: =IF(G13="Tetap","",IF(BA13<>"",BA13,IF(AX13<>"",AX13,IF(AU13<>"",AU13,IF(AR13<>"",AR13,IF(AO13<>"",AO13,IF(AL13<>"",AL13,IF(AI13<>"",AI13,"")))))))) -> 46249 | BE13: =IF($AI13="","0",(DATEDIF($AI13,TODAY(),"Y"))) -> 0 | BF13: =IF($AI13="","",(DATEDIF($AI13,TODAY(),"YM"))) -> 1 | BG13: =IF($AI13="","",(DATEDIF($AI13,TODAY(),"MD"))) -> 18
A14: 1 | B14: 55013 | C14: A03001 | D14: PS2SD | E14: ERWIN | F14: Ka. Area (Executive) | G14: =IF(AI14="","Perekrutan",IF(BE14>4,"Tetap",IF(BA14<>"","Kontrak VII",IF(AX14<>"","Kontrak VI",IF(AU14<>"","Kontrak V",IF(AR14<>"","Kontrak IV",IF(AO14<>"","Kontrak III",IF(AL14<>"","Kontrak II",IF(AI14<>"","Kontrak I",""))))))))) -> Tetap | H14: =IF(G14="Tetap","",IF(BA14<>"",BB14,IF(AX14<>"",AY14,IF(AU14<>"",AV14,IF(AR14<>"",AS14,IF(AO14<>"",AP14,IF(AL14<>"",AM14,IF(AI14<>"",AJ14,"")))))))) | K14: P.Siantar | L14: 1272061701740002 | M14: 1271202712170012 | N14: Islam | O14: Bandung | P14: 27046 | Q14: =IF(P14="","",(DATEDIF(P14,TODAY(),"Y"))) -> 52 | R14: Jl. Kapten Mukthar Basri RT 000 / RW 0000, Kelurahan Glugur Darat II, Kecamatan Medan Timur, Kota Medan | S14: L | T14: Kawin | U14: K02 | Y14: 0812-7614-2234 | Z14: 155390231 | AA14: 810096552117000 | AB14: erwin17011974@gmail.com | AI14: 36017 | AK14: =IF(AJ14="","",(DATEDIF(AI14,AJ14,"M")+1)) | AN14: =IF(AM14="","",(DATEDIF(AL14,AM14,"M")+1)) | AQ14: =IF(AP14="","",(DATEDIF(AO14,AP14,"M")+1)) | AT14: =IF(AS14="","",(DATEDIF(AR14,AS14,"M")+1)) | AW14: =IF(AV14="","",(DATEDIF(AU14,AV14,"M")+1)) | AZ14: =IF(AY14="","",(DATEDIF(AX14,AY14,"M")+1)) | BC14: =IF(BB14="","",(DATEDIF(BA14,BB14,"M")+1)) | BD14: =IF(G14="Tetap","",IF(BA14<>"",BA14,IF(AX14<>"",AX14,IF(AU14<>"",AU14,IF(AR14<>"",AR14,IF(AO14<>"",AO14,IF(AL14<>"",AL14,IF(AI14<>"",AI14,"")))))))) | BE14: =IF($AI14="","0",(DATEDIF($AI14,TODAY(),"Y"))) -> 28 | BF14: =IF($AI14="","",(DATEDIF($AI14,TODAY(),"YM"))) -> 1 | BG14: =IF($AI14="","",(DATEDIF($AI14,TODAY(),"MD"))) -> 23
A15: =A14+1 -> 2 | B15: 55014 | C15: A03002 | D15: PS2SD | E15: MASIH ANJAYA | F15: Sales Executive (Dropping) | G15: =IF(AI15="","Perekrutan",IF(BE15>4,"Tetap",IF(BA15<>"","Kontrak VII",IF(AX15<>"","Kontrak VI",IF(AU15<>"","Kontrak V",IF(AR15<>"","Kontrak IV",IF(AO15<>"","Kontrak III",IF(AL15<>"","Kontrak II",IF(AI15<>"","Kontrak I",""))))))))) -> Tetap | H15: =IF(G15="Tetap","",IF(BA15<>"",BB15,IF(AX15<>"",AY15,IF(AU15<>"",AV15,IF(AR15<>"",AS15,IF(AO15<>"",AP15,IF(AL15<>"",AM15,IF(AI15<>"",AJ15,"")))))))) | I15: B | J15: 11 | K15: P.Siantar | L15: 1208111410770001 | M15: 1208112404080123 | N15: Islam | O15: Balimbingan | P15: 28412 | Q15: =IF(P15="","",(DATEDIF(P15,TODAY(),"Y"))) -> 48 | R15: Hutan Rintis IX, RT 000 / RW 000, Kelurahan Balimbingan, Kecamatan Tanah Jawa, Kabupaten Simalungun | S15: L | T15: Kawin | U15: K02 | Y15: 0852-9641-1153 | Z15: 834192240 | AA15: 493619225117000 | AB15: dimasseto77153@gmail.com | AI15: 38599 | AK15: =IF(AJ15="","",(DATEDIF(AI15,AJ15,"M")+1)) | AN15: =IF(AM15="","",(DATEDIF(AL15,AM15,"M")+1)) | AQ15: =IF(AP15="","",(DATEDIF(AO15,AP15,"M")+1)) | AT15: =IF(AS15="","",(DATEDIF(AR15,AS15,"M")+1)) | AW15: =IF(AV15="","",(DATEDIF(AU15,AV15,"M")+1)) | AZ15: =IF(AY15="","",(DATEDIF(AX15,AY15,"M")+1)) | BC15: =IF(BB15="","",(DATEDIF(BA15,BB15,"M")+1)) | BD15: =IF(G15="Tetap","",IF(BA15<>"",BA15,IF(AX15<>"",AX15,IF(AU15<>"",AU15,IF(AR15<>"",AR15,IF(AO15<>"",AO15,IF(AL15<>"",AL15,IF(AI15<>"",AI15,"")))))))) | BE15: =IF($AI15="","0",(DATEDIF($AI15,TODAY(),"Y"))) -> 21 | BF15: =IF($AI15="","",(DATEDIF($AI15,TODAY(),"YM"))) -> 0 | BG15: =IF($AI15="","",(DATEDIF($AI15,TODAY(),"MD"))) -> 29
A16: =A15+1 -> 3 | B16: 55015 | C16: A03003 | D16: PS2SD | E16: SEGER | F16: Sales Executive (Dropping) | G16: =IF(AI16="","Perekrutan",IF(BE16>4,"Tetap",IF(BA16<>"","Kontrak VII",IF(AX16<>"","Kontrak VI",IF(AU16<>"","Kontrak V",IF(AR16<>"","Kontrak IV",IF(AO16<>"","Kontrak III",IF(AL16<>"","Kontrak II",IF(AI16<>"","Kontrak I",""))))))))) -> Tetap | H16: =IF(G16="Tetap","",IF(BA16<>"",BB16,IF(AX16<>"",AY16,IF(AU16<>"",AV16,IF(AR16<>"",AS16,IF(AO16<>"",AP16,IF(AL16<>"",AM16,IF(AI16<>"",AJ16,"")))))))) | I16: A | J16: 9 | K16: P.Siantar | L16: 1272070809740005 | M16: 1272070602080135 | N16: Islam | O16: P. Siantar | P16: 27280 | Q16: =IF(P16="","",(DATEDIF(P16,TODAY(),"Y"))) -> 52 | R16: Jl. Sibatu Batu Komplek Mesjid RT 010 / RW 004, Kelurahan Bah Kapul, Kecamatan Siantar Sitalasari, Kota Pematangsiantar | S16: L | T16: Kawin | U16: K03 | Y16: 0853-6162-6153 | Z16: 834351166 | AA16: 971488846117000 | AB16: seger8520@gmail.com | AC16: 04 Des 2010 - 05 Mar 2011 | AI16: 40609 | AJ16: 40700 | AK16: =IF(AJ16="","",(DATEDIF(AI16,AJ16,"M")+1)) -> 3 | AL16: 40701 | AM16: 41066 | AN16: =IF(AM16="","",(DATEDIF(AL16,AM16,"M")+1)) -> 12 | AQ16: =IF(AP16="","",(DATEDIF(AO16,AP16,"M")+1)) | AT16: =IF(AS16="","",(DATEDIF(AR16,AS16,"M")+1)) | AW16: =IF(AV16="","",(DATEDIF(AU16,AV16,"M")+1)) | AZ16: =IF(AY16="","",(DATEDIF(AX16,AY16,"M")+1)) | BC16: =IF(BB16="","",(DATEDIF(BA16,BB16,"M")+1)) | BD16: =IF(G16="Tetap","",IF(BA16<>"",BA16,IF(AX16<>"",AX16,IF(AU16<>"",AU16,IF(AR16<>"",AR16,IF(AO16<>"",AO16,IF(AL16<>"",AL16,IF(AI16<>"",AI16,"")))))))) | BE16: =IF($AI16="","0",(DATEDIF($AI16,TODAY(),"Y"))) -> 15 | BF16: =IF($AI16="","",(DATEDIF($AI16,TODAY(),"YM"))) -> 6 | BG16: =IF($AI16="","",(DATEDIF($AI16,TODAY(),"MD"))) -> 26
A17: =A16+1 -> 4 | B17: 55016 | C17: A03004 | D17: PS2SD | E17: HERMANSYAH SIREGAR | F17: Sales Executive (Dropping) | G17: =IF(AI17="","Perekrutan",IF(BE17>4,"Tetap",IF(BA17<>"","Kontrak VII",IF(AX17<>"","Kontrak VI",IF(AU17<>"","Kontrak V",IF(AR17<>"","Kontrak IV",IF(AO17<>"","Kontrak III",IF(AL17<>"","Kontrak II",IF(AI17<>"","Kontrak I",""))))))))) -> Tetap | H17: =IF(G17="Tetap","",IF(BA17<>"",BB17,IF(AX17<>"",AY17,IF(AU17<>"",AV17,IF(AR17<>"",AS17,IF(AO17<>"",AP17,IF(AL17<>"",AM17,IF(AI17<>"",AJ17,"")))))))) | I17: A | J17: 9 | K17: P.Siantar | L17: 1272031705790005 | M17: 1272031404080007 | N17: Islam | O17: P. Siantar | P17: 28992 | Q17: =IF(P17="","",(DATEDIF(P17,TODAY(),"Y"))) -> 47 | R17: Jl. Singosari Gg. Demak, RT 001 / RW 001, Keluarahan Martoba,Kecamatan Siantar Utara, Kota Pematangsiantar | S17: L | T17: Kawin | U17: K02 | Y17: 0823-6209-5007 | Z17: 834344375 | AA17: 843540642117000 | AB17: hermansyahsiregar302@gmail.com | AI17: 38364 | AK17: =IF(AJ17="","",(DATEDIF(AI17,AJ17,"M")+1)) | AN17: =IF(AM17="","",(DATEDIF(AL17,AM17,"M")+1)) | AQ17: =IF(AP17="","",(DATEDIF(AO17,AP17,"M")+1)) | AT17: =IF(AS17="","",(DATEDIF(AR17,AS17,"M")+1)) | AW17: =IF(AV17="","",(DATEDIF(AU17,AV17,"M")+1)) | AZ17: =IF(AY17="","",(DATEDIF(AX17,AY17,"M")+1)) | BC17: =IF(BB17="","",(DATEDIF(BA17,BB17,"M")+1)) | BD17: =IF(G17="Tetap","",IF(BA17<>"",BA17,IF(AX17<>"",AX17,IF(AU17<>"",AU17,IF(AR17<>"",AR17,IF(AO17<>"",AO17,IF(AL17<>"",AL17,IF(AI17<>"",AI17,"")))))))) | BE17: =IF($AI17="","0",(DATEDIF($AI17,TODAY(),"Y"))) -> 21 | BF17: =IF($AI17="","",(DATEDIF($AI17,TODAY(),"YM"))) -> 8 | BG17: =IF($AI17="","",(DATEDIF($AI17,TODAY(),"MD"))) -> 21
A18: =A17+1 -> 5 | B18: 55017 | C18: A03005 | D18: PS2SD | E18: NURAINI LARADATA SILALAHI | F18: Sales Executive (Dropping) | G18: =IF(AI18="","Perekrutan",IF(BE18>4,"Tetap",IF(BA18<>"","Kontrak VII",IF(AX18<>"","Kontrak VI",IF(AU18<>"","Kontrak V",IF(AR18<>"","Kontrak IV",IF(AO18<>"","Kontrak III",IF(AL18<>"","Kontrak II",IF(AI18<>"","Kontrak I",""))))))))) -> Kontrak IV | H18: =IF(G18="Tetap","",IF(BA18<>"",BB18,IF(AX18<>"",AY18,IF(AU18<>"",AV18,IF(AR18<>"",AS18,IF(AO18<>"",AP18,IF(AL18<>"",AM18,IF(AI18<>"",AJ18,"")))))))) -> 46326 | I18: A | J18: 9 | K18: Kab. Dairi | L18: 1211015708000005 | M18: 1211153005170005 | N18: Islam | O18: Sidikalang | P18: 36757 | Q18: =IF(P18="","",(DATEDIF(P18,TODAY(),"Y"))) -> 26 | R18: Jl. Sidikalang Medan Panji Bako, RT - / RW -, Desa Sitinjo II, Kecamatan Sitinjo, Kabupaten Dairi | S18: L | T18: Belum Kawin | U18: TK0 | V18: SMA | Y18: 0821-2274-0940 | Z18: 1513150286 | AA18: 1211015708000005 | AB18: datasilalahi22@gmail.com | AC18: Freelance | AI18: 45576 | AJ18: 45716 | AK18: =IF(AJ18="","",(DATEDIF(AI18,AJ18,"M")+1)) -> 5 | AL18: 45717 | AM18: 45838 | AN18: =IF(AM18="","",(DATEDIF(AL18,AM18,"M")+1)) -> 4 | AO18: 45839 | AP18: 45961 | AQ18: =IF(AP18="","",(DATEDIF(AO18,AP18,"M")+1)) -> 4 | AR18: 45962 | AS18: 46326 | AT18: =IF(AS18="","",(DATEDIF(AR18,AS18,"M")+1)) -> 12 | AW18: =IF(AV18="","",(DATEDIF(AU18,AV18,"M")+1)) | AZ18: =IF(AY18="","",(DATEDIF(AX18,AY18,"M")+1)) | BC18: =IF(BB18="","",(DATEDIF(BA18,BB18,"M")+1)) | BD18: =IF(G18="Tetap","",IF(BA18<>"",BA18,IF(AX18<>"",AX18,IF(AU18<>"",AU18,IF(AR18<>"",AR18,IF(AO18<>"",AO18,IF(AL18<>"",AL18,IF(AI18<>"",AI18,"")))))))) -> 45962 | BE18: =IF($AI18="","0",(DATEDIF($AI18,TODAY(),"Y"))) -> 1 | BF18: =IF($AI18="","",(DATEDIF($AI18,TODAY(),"YM"))) -> 11 | BG18: =IF($AI18="","",(DATEDIF($AI18,TODAY(),"MD"))) -> 22
A19: =A18+1 -> 6 | B19: 55018 | C19: A03006 | D19: PS2SD | E19: SRI WAHYUNI | F19: Administrasi Penjualan & Gudang (Kecil) Area | G19: =IF(AI19="","Perekrutan",IF(BE19>4,"Tetap",IF(BA19<>"","Kontrak VII",IF(AX19<>"","Kontrak VI",IF(AU19<>"","Kontrak V",IF(AR19<>"","Kontrak IV",IF(AO19<>"","Kontrak III",IF(AL19<>"","Kontrak II",IF(AI19<>"","Kontrak I",""))))))))) -> Tetap | H19: =IF(G19="Tetap","",IF(BA19<>"",BB19,IF(AX19<>"",AY19,IF(AU19<>"",AV19,IF(AR19<>"",AS19,IF(AO19<>"",AP19,IF(AL19<>"",AM19,IF(AI19<>"",AJ19,"")))))))) | I19: C | J19: 6 | K19: P.Siantar | L19: 1208176810880001 | M19: 1208171111150003 | N19: Islam | O19: Malopot | P19: 32424 | Q19: =IF(P19="","",(DATEDIF(P19,TODAY(),"Y"))) -> 37 | R19: Huta Malopot, RT 000 / RW 000, Kelurahan Silenduk, Kecamatan Dolok Batu Nanggar, Kabupaten Simalungun | S19: P | T19: Kawin | U19: K02 | Y19: 0852-7530-1535 | Z19: 817291195 | AA19: 798005666117000 | AB19: sriwahyuniutomo@yahoo.com | AC19: 05 Mei – 05 Agust 2009 | AI19: 38935 | AK19: =IF(AJ19="","",(DATEDIF(AI19,AJ19,"M")+1)) | AN19: =IF(AM19="","",(DATEDIF(AL19,AM19,"M")+1)) | AQ19: =IF(AP19="","",(DATEDIF(AO19,AP19,"M")+1)) | AT19: =IF(AS19="","",(DATEDIF(AR19,AS19,"M")+1)) | AW19: =IF(AV19="","",(DATEDIF(AU19,AV19,"M")+1)) | AZ19: =IF(AY19="","",(DATEDIF(AX19,AY19,"M")+1)) | BC19: =IF(BB19="","",(DATEDIF(BA19,BB19,"M")+1)) | BD19: =IF(G19="Tetap","",IF(BA19<>"",BA19,IF(AX19<>"",AX19,IF(AU19<>"",AU19,IF(AR19<>"",AR19,IF(AO19<>"",AO19,IF(AL19<>"",AL19,IF(AI19<>"",AI19,"")))))))) | BE19: =IF($AI19="","0",(DATEDIF($AI19,TODAY(),"Y"))) -> 20 | BF19: =IF($AI19="","",(DATEDIF($AI19,TODAY(),"YM"))) -> 1 | BG19: =IF($AI19="","",(DATEDIF($AI19,TODAY(),"MD"))) -> 27
A20: =A19+1 -> 7 | B20: 55019 | C20: A03007 | D20: PS2SD | E20: ANTONI | F20: Sales | G20: =IF(AI20="","Perekrutan",IF(BE20>4,"Tetap",IF(BA20<>"","Kontrak VII",IF(AX20<>"","Kontrak VI",IF(AU20<>"","Kontrak V",IF(AR20<>"","Kontrak IV",IF(AO20<>"","Kontrak III",IF(AL20<>"","Kontrak II",IF(AI20<>"","Kontrak I",""))))))))) -> Tetap | H20: =IF(G20="Tetap","",IF(BA20<>"",BB20,IF(AX20<>"",AY20,IF(AU20<>"",AV20,IF(AR20<>"",AS20,IF(AO20<>"",AP20,IF(AL20<>"",AM20,IF(AI20<>"",AJ20,"")))))))) | I20: B | J20: 5 | K20: P.Siantar | L20: 1208013108820002 | M20: 1208012503110002 | N20: Islam | O20: P. Siantar | P20: 30194 | Q20: =IF(P20="","",(DATEDIF(P20,TODAY(),"Y"))) -> 44 | R20: Jln. Naga Bonar, RT 000 / RW 000, Kelurahan Siantar Estate, Kecamatan Siantar, Kabupaten Simalungun | S20: L | T20: Kawin | U20: K03 | Y20: 0812-6378-1909 | Z20: 248976739 | AA20: 974184202117000 | AB20: tonik1246@gmail.com | AC20: 06 Sep 11 - 30 Apr 2012 | AI20: 41030 | AJ20: 41122 | AK20: =IF(AJ20="","",(DATEDIF(AI20,AJ20,"M")+1)) -> 4 | AL20: 41123 | AM20: 41488 | AN20: =IF(AM20="","",(DATEDIF(AL20,AM20,"M")+1)) -> 13 | AQ20: =IF(AP20="","",(DATEDIF(AO20,AP20,"M")+1)) | AT20: =IF(AS20="","",(DATEDIF(AR20,AS20,"M")+1)) | AW20: =IF(AV20="","",(DATEDIF(AU20,AV20,"M")+1)) | AZ20: =IF(AY20="","",(DATEDIF(AX20,AY20,"M")+1)) | BC20: =IF(BB20="","",(DATEDIF(BA20,BB20,"M")+1)) | BD20: =IF(G20="Tetap","",IF(BA20<>"",BA20,IF(AX20<>"",AX20,IF(AU20<>"",AU20,IF(AR20<>"",AR20,IF(AO20<>"",AO20,IF(AL20<>"",AL20,IF(AI20<>"",AI20,"")))))))) | BE20: =IF($AI20="","0",(DATEDIF($AI20,TODAY(),"Y"))) -> 14 | BF20: =IF($AI20="","",(DATEDIF($AI20,TODAY(),"YM"))) -> 5 | BG20: =IF($AI20="","",(DATEDIF($AI20,TODAY(),"MD"))) -> 2
A21: =A20+1 -> 8 | B21: 55020 | C21: A03008 | D21: PS2SD | E21: YOPPI PRAYUGO | F21: Sales | G21: =IF(AI21="","Perekrutan",IF(BE21>4,"Tetap",IF(BA21<>"","Kontrak VII",IF(AX21<>"","Kontrak VI",IF(AU21<>"","Kontrak V",IF(AR21<>"","Kontrak IV",IF(AO21<>"","Kontrak III",IF(AL21<>"","Kontrak II",IF(AI21<>"","Kontrak I",""))))))))) -> Kontrak IV | H21: =IF(G21="Tetap","",IF(BA21<>"",BB21,IF(AX21<>"",AY21,IF(AU21<>"",AV21,IF(AR21<>"",AS21,IF(AO21<>"",AP21,IF(AL21<>"",AM21,IF(AI21<>"",AJ21,"")))))))) -> 46630 | I21: A | J21: 3 | K21: P. Siantar | L21: 1208012310830003 | M21: 1272021511110006 | N21: Islam | O21: P. Siantar | P21: 30612 | Q21: =IF(P21="","",(DATEDIF(P21,TODAY(),"Y"))) -> 42 | R21: Jl. Batalion, RT 004 / RW 008, Kelurahan Bantan, Kecamatan Siantar Barat, Kota Pematangsiantar | S21: L | T21: Kawin | U21: K04 | V21: SMK | Y21: 0857-6340-1172 | Z21: 1941771534 | AA21: 261398671117000 | AB21: yoppyprayugo824@gmail.com | AC21: Sales Lepas | AI21: 45901 | AJ21: 46022 | AK21: =IF(AJ21="","",(DATEDIF(AI21,AJ21,"M")+1)) -> 4 | AL21: 46023 | AM21: 46142 | AN21: =IF(AM21="","",(DATEDIF(AL21,AM21,"M")+1)) -> 4 | AO21: 46143 | AP21: 46265 | AQ21: =IF(AP21="","",(DATEDIF(AO21,AP21,"M")+1)) -> 4 | AR21: 46266 | AS21: 46630 | AT21: =IF(AS21="","",(DATEDIF(AR21,AS21,"M")+1)) -> 12 | AW21: =IF(AV21="","",(DATEDIF(AU21,AV21,"M")+1)) | AZ21: =IF(AY21="","",(DATEDIF(AX21,AY21,"M")+1)) | BC21: =IF(BB21="","",(DATEDIF(BA21,BB21,"M")+1)) | BD21: =IF(G21="Tetap","",IF(BA21<>"",BA21,IF(AX21<>"",AX21,IF(AU21<>"",AU21,IF(AR21<>"",AR21,IF(AO21<>"",AO21,IF(AL21<>"",AL21,IF(AI21<>"",AI21,"")))))))) -> 46266 | BE21: =IF($AI21="","0",(DATEDIF($AI21,TODAY(),"Y"))) -> 1 | BF21: =IF($AI21="","",(DATEDIF($AI21,TODAY(),"YM"))) -> 1 | BG21: =IF($AI21="","",(DATEDIF($AI21,TODAY(),"MD"))) -> 2
A22: =A21+1 -> 9 | B22: 55021 | C22: A03009 | D22: PS2SD | E22: ARDIANSYAH | F22: Sales | G22: =IF(AI22="","Perekrutan",IF(BE22>4,"Tetap",IF(BA22<>"","Kontrak VII",IF(AX22<>"","Kontrak VI",IF(AU22<>"","Kontrak V",IF(AR22<>"","Kontrak IV",IF(AO22<>"","Kontrak III",IF(AL22<>"","Kontrak II",IF(AI22<>"","Kontrak I",""))))))))) -> Tetap | H22: =IF(G22="Tetap","",IF(BA22<>"",BB22,IF(AX22<>"",AY22,IF(AU22<>"",AV22,IF(AR22<>"",AS22,IF(AO22<>"",AP22,IF(AL22<>"",AM22,IF(AI22<>"",AJ22,"")))))))) | I22: A | J22: 3 | K22: P.Siantar | L22: 1272071512810003 | M22: 1272070509071219 | N22: Islam | O22: Blok III | P22: 29935 | Q22: =IF(P22="","",(DATEDIF(P22,TODAY(),"Y"))) -> 44 | R22: Jl. Sibatu-Batu Blok.III, RT 011 / RW 004, Desa Bah Kapul, Kecamatan Siantar Sitalasari, Kota Pematangsiantar | S22: L | T22: Kawin | U22: K03 | Y22: 0813-7568-2594 | Z22: 834361038 | AA22: 082363516117000 | AB22: ardiankangebet@gmail.com | AC22: 25 Jul 11 - 31 Jan 2012 | AI22: 40940 | AJ22: 41030 | AK22: =IF(AJ22="","",(DATEDIF(AI22,AJ22,"M")+1)) -> 4 | AL22: 41031 | AM22: 41396 | AN22: =IF(AM22="","",(DATEDIF(AL22,AM22,"M")+1)) -> 13 | AQ22: =IF(AP22="","",(DATEDIF(AO22,AP22,"M")+1)) | AT22: =IF(AS22="","",(DATEDIF(AR22,AS22,"M")+1)) | AW22: =IF(AV22="","",(DATEDIF(AU22,AV22,"M")+1)) | AZ22: =IF(AY22="","",(DATEDIF(AX22,AY22,"M")+1)) | BC22: =IF(BB22="","",(DATEDIF(BA22,BB22,"M")+1)) | BD22: =IF(G22="Tetap","",IF(BA22<>"",BA22,IF(AX22<>"",AX22,IF(AU22<>"",AU22,IF(AR22<>"",AR22,IF(AO22<>"",AO22,IF(AL22<>"",AL22,IF(AI22<>"",AI22,"")))))))) | BE22: =IF($AI22="","0",(DATEDIF($AI22,TODAY(),"Y"))) -> 14 | BF22: =IF($AI22="","",(DATEDIF($AI22,TODAY(),"YM"))) -> 8 | BG22: =IF($AI22="","",(DATEDIF($AI22,TODAY(),"MD"))) -> 2
A23: =A22+1 -> 10 | B23: 55022 | C23: A03010 | D23: PS2SD | E23: RAYHAN ERLIA FAHRIZA | F23: Sales | G23: =IF(AI23="","Perekrutan",IF(BE23>4,"Tetap",IF(BA23<>"","Kontrak VII",IF(AX23<>"","Kontrak VI",IF(AU23<>"","Kontrak V",IF(AR23<>"","Kontrak IV",IF(AO23<>"","Kontrak III",IF(AL23<>"","Kontrak II",IF(AI23<>"","Kontrak I",""))))))))) -> Kontrak IV | H23: =IF(G23="Tetap","",IF(BA23<>"",BB23,IF(AX23<>"",AY23,IF(AU23<>"",AV23,IF(AR23<>"",AS23,IF(AO23<>"",AP23,IF(AL23<>"",AM23,IF(AI23<>"",AJ23,"")))))))) -> 46599 | I23: A | J23: 3 | K23: Simalungun Atas | L23: 1272060108020005 | M23: 1271202712170012 | N23: Islam | O23: Pematangsiantar | P23: 37469 | Q23: =IF(P23="","",(DATEDIF(P23,TODAY(),"Y"))) -> 24 | R23: Jl. Kapten Mukthar Basri, RT 000 / RW 000, Kelurahan Glugur Darat II, Kecamatan Medan Timur, Kota Medan | S23: L | T23: Belum Kawin | V23: SMK | Y23: 0822-6788-0787 | Z23: 1822874207 | AA23: 1272060108020005 | AB23: rayhanerlia7@gmail.com | AC23: Freelance | AI23: 45871 | AJ23: 45991 | AK23: =IF(AJ23="","",(DATEDIF(AI23,AJ23,"M")+1)) -> 4 | AL23: 45992 | AM23: 46112 | AN23: =IF(AM23="","",(DATEDIF(AL23,AM23,"M")+1)) -> 4 | AO23: 46113 | AP23: 46234 | AQ23: =IF(AP23="","",(DATEDIF(AO23,AP23,"M")+1)) -> 4 | AR23: 46235 | AS23: 46599 | AT23: =IF(AS23="","",(DATEDIF(AR23,AS23,"M")+1)) -> 12 | AW23: =IF(AV23="","",(DATEDIF(AU23,AV23,"M")+1)) | AZ23: =IF(AY23="","",(DATEDIF(AX23,AY23,"M")+1)) | BC23: =IF(BB23="","",(DATEDIF(BA23,BB23,"M")+1)) | BD23: =IF(G23="Tetap","",IF(BA23<>"",BA23,IF(AX23<>"",AX23,IF(AU23<>"",AU23,IF(AR23<>"",AR23,IF(AO23<>"",AO23,IF(AL23<>"",AL23,IF(AI23<>"",AI23,"")))))))) -> 46235 | BE23: =IF($AI23="","0",(DATEDIF($AI23,TODAY(),"Y"))) -> 1 | BF23: =IF($AI23="","",(DATEDIF($AI23,TODAY(),"YM"))) -> 2 | BG23: =IF($AI23="","",(DATEDIF($AI23,TODAY(),"MD"))) -> 1
A24: =A23+1 -> 11 | B24: 55023 | C24: A03011 | D24: PS2SD | E24: IQHBAL DWI PANGGA | F24: Sales | G24: =IF(AI24="","Perekrutan",IF(BE24>4,"Tetap",IF(BA24<>"","Kontrak VII",IF(AX24<>"","Kontrak VI",IF(AU24<>"","Kontrak V",IF(AR24<>"","Kontrak IV",IF(AO24<>"","Kontrak III",IF(AL24<>"","Kontrak II",IF(AI24<>"","Kontrak I",""))))))))) -> Kontrak IV | H24: =IF(G24="Tetap","",IF(BA24<>"",BB24,IF(AX24<>"",AY24,IF(AU24<>"",AV24,IF(AR24<>"",AS24,IF(AO24<>"",AP24,IF(AL24<>"",AM24,IF(AI24<>"",AJ24,"")))))))) -> 46599 | I24: A | J24: 3 | K24: Simalungun Atas | L24: 1208221310040001 | M24: 1208222904080628 | N24: Islam | O24: P. Bahapal | P24: 38273 | Q24: =IF(P24="","",(DATEDIF(P24,TODAY(),"Y"))) -> 21 | R24: Pekan Bahapal, RT 000 / RW 000, Desa Naga Jaya I, Kecamatan Bandar Huluan, Kabupaten Simalungun | S24: L | T24: Belum Kawin | V24: SMK | Y24: 0813-7024-7445 | Z24: 1926734046 | AA24: 1208221310040001 | AB24: iqhbaldwipangga73@gmail.com | AC24: Freelance | AI24: 45872 | AJ24: 45992 | AK24: =IF(AJ24="","",(DATEDIF(AI24,AJ24,"M")+1)) -> 4 | AL24: 45992 | AM24: 46112 | AN24: =IF(AM24="","",(DATEDIF(AL24,AM24,"M")+1)) -> 4 | AO24: 46113 | AP24: 46234 | AQ24: =IF(AP24="","",(DATEDIF(AO24,AP24,"M")+1)) -> 4 | AR24: 46235 | AS24: 46599 | AT24: =IF(AS24="","",(DATEDIF(AR24,AS24,"M")+1)) -> 12 | AW24: =IF(AV24="","",(DATEDIF(AU24,AV24,"M")+1)) | AZ24: =IF(AY24="","",(DATEDIF(AX24,AY24,"M")+1)) | BC24: =IF(BB24="","",(DATEDIF(BA24,BB24,"M")+1)) | BD24: =IF(G24="Tetap","",IF(BA24<>"",BA24,IF(AX24<>"",AX24,IF(AU24<>"",AU24,IF(AR24<>"",AR24,IF(AO24<>"",AO24,IF(AL24<>"",AL24,IF(AI24<>"",AI24,"")))))))) -> 46235 | BE24: =IF($AI24="","0",(DATEDIF($AI24,TODAY(),"Y"))) -> 1 | BF24: =IF($AI24="","",(DATEDIF($AI24,TODAY(),"YM"))) -> 2 | BG24: =IF($AI24="","",(DATEDIF($AI24,TODAY(),"MD"))) -> 0
A25: =A24+1 -> 12 | B25: 55024 | C25: A03012 | D25: PS2SD | E25: BAMBANG SUPRIADI | F25: Sales | G25: =IF(AI25="","Perekrutan",IF(BE25>4,"Tetap",IF(BA25<>"","Kontrak VII",IF(AX25<>"","Kontrak VI",IF(AU25<>"","Kontrak V",IF(AR25<>"","Kontrak IV",IF(AO25<>"","Kontrak III",IF(AL25<>"","Kontrak II",IF(AI25<>"","Kontrak I",""))))))))) -> Tetap | H25: =IF(G25="Tetap","",IF(BA25<>"",BB25,IF(AX25<>"",AY25,IF(AU25<>"",AV25,IF(AR25<>"",AS25,IF(AO25<>"",AP25,IF(AL25<>"",AM25,IF(AI25<>"",AJ25,"")))))))) | I25: C | J25: 6 | K25: P.Siantar | L25: 1272020805780001 | M25: 1272022508090005 | N25: Islam | O25: P. Siantar | P25: 28618 | Q25: =IF(P25="","",(DATEDIF(P25,TODAY(),"Y"))) -> 48 | R25: Jl. Kiyai No. 54, RT 002 / RW 001, Kelurahan Bantan, Kecamatan Siantar Barat, Kota Pematangsiantar | S25: L | T25: Kawin | U25: K02 | Y25: 0812-6925-0670 | Z25: 834201165 | AA25: 780044442117000 | AB25: supriyadibemz@gmail.com | AI25: 39462 | AK25: =IF(AJ25="","",(DATEDIF(AI25,AJ25,"M")+1)) | AN25: =IF(AM25="","",(DATEDIF(AL25,AM25,"M")+1)) | AQ25: =IF(AP25="","",(DATEDIF(AO25,AP25,"M")+1)) | AT25: =IF(AS25="","",(DATEDIF(AR25,AS25,"M")+1)) | AW25: =IF(AV25="","",(DATEDIF(AU25,AV25,"M")+1)) | AZ25: =IF(AY25="","",(DATEDIF(AX25,AY25,"M")+1)) | BC25: =IF(BB25="","",(DATEDIF(BA25,BB25,"M")+1)) | BD25: =IF(G25="Tetap","",IF(BA25<>"",BA25,IF(AX25<>"",AX25,IF(AU25<>"",AU25,IF(AR25<>"",AR25,IF(AO25<>"",AO25,IF(AL25<>"",AL25,IF(AI25<>"",AI25,"")))))))) | BE25: =IF($AI25="","0",(DATEDIF($AI25,TODAY(),"Y"))) -> 18 | BF25: =IF($AI25="","",(DATEDIF($AI25,TODAY(),"YM"))) -> 8 | BG25: =IF($AI25="","",(DATEDIF($AI25,TODAY(),"MD"))) -> 18
A26: =A25+1 -> 13 | B26: 55025 | C26: A03013 | D26: PS2SD | E26: SYAMSUL RIZAL REZA | F26: Sales | G26: =IF(AI26="","Perekrutan",IF(BE26>4,"Tetap",IF(BA26<>"","Kontrak VII",IF(AX26<>"","Kontrak VI",IF(AU26<>"","Kontrak V",IF(AR26<>"","Kontrak IV",IF(AO26<>"","Kontrak III",IF(AL26<>"","Kontrak II",IF(AI26<>"","Kontrak I",""))))))))) -> Tetap | H26: =IF(G26="Tetap","",IF(BA26<>"",BB26,IF(AX26<>"",AY26,IF(AU26<>"",AV26,IF(AR26<>"",AS26,IF(AO26<>"",AP26,IF(AL26<>"",AM26,IF(AI26<>"",AJ26,"")))))))) | I26: B | J26: 5 | K26: P.Siantar | L26: 1208020911690001 | M26: 1208022903080084 | N26: Islam | O26: Bangun | P26: 25516 | Q26: =IF(P26="","",(DATEDIF(P26,TODAY(),"Y"))) -> 56 | R26: Jl. Asahan Km. 18,5 Huta II, RT 000 / RW 000, Kelurahan Pamatang Asilom, Kecamatan Gunung Malela, Kabupaten Simalungun | S26: L | T26: Kawin | U26: K03 | Y26: 0852-9745-3884 | Z26: 834520986 | AA26: 971488929117000 | AB26: samsulriall699@gmail.com | AC26: 27 Jun 2011 - 31 Jan 2012 | AI26: 40940 | AJ26: 41030 | AK26: =IF(AJ26="","",(DATEDIF(AI26,AJ26,"M")+1)) -> 4 | AL26: 41031 | AM26: 41396 | AN26: =IF(AM26="","",(DATEDIF(AL26,AM26,"M")+1)) -> 13 | AQ26: =IF(AP26="","",(DATEDIF(AO26,AP26,"M")+1)) | AT26: =IF(AS26="","",(DATEDIF(AR26,AS26,"M")+1)) | AW26: =IF(AV26="","",(DATEDIF(AU26,AV26,"M")+1)) | AZ26: =IF(AY26="","",(DATEDIF(AX26,AY26,"M")+1)) | BC26: =IF(BB26="","",(DATEDIF(BA26,BB26,"M")+1)) | BD26: =IF(G26="Tetap","",IF(BA26<>"",BA26,IF(AX26<>"",AX26,IF(AU26<>"",AU26,IF(AR26<>"",AR26,IF(AO26<>"",AO26,IF(AL26<>"",AL26,IF(AI26<>"",AI26,"")))))))) | BE26: =IF($AI26="","0",(DATEDIF($AI26,TODAY(),"Y"))) -> 14 | BF26: =IF($AI26="","",(DATEDIF($AI26,TODAY(),"YM"))) -> 8 | BG26: =IF($AI26="","",(DATEDIF($AI26,TODAY(),"MD"))) -> 2
A27: =A26+1 -> 14 | B27: 55026 | C27: A03014 | D27: PS2SD | E27: IMANSYAH SEMBIRING | F27: Sopir | G27: =IF(AI27="","Perekrutan",IF(BE27>4,"Tetap",IF(BA27<>"","Kontrak VII",IF(AX27<>"","Kontrak VI",IF(AU27<>"","Kontrak V",IF(AR27<>"","Kontrak IV",IF(AO27<>"","Kontrak III",IF(AL27<>"","Kontrak II",IF(AI27<>"","Kontrak I",""))))))))) -> Tetap | H27: =IF(G27="Tetap","",IF(BA27<>"",BB27,IF(AX27<>"",AY27,IF(AU27<>"",AV27,IF(AR27<>"",AS27,IF(AO27<>"",AP27,IF(AL27<>"",AM27,IF(AI27<>"",AJ27,"")))))))) | I27: - | J27: - | K27: P.Siantar | L27: 1207261410750001 | M27: 1271062312130003 | N27: Islam | O27: Medan | P27: 27681 | Q27: =IF(P27="","",(DATEDIF(P27,TODAY(),"Y"))) -> 50 | R27: Jl. Medan Km 4.5 Gg Mesjid No.24, RT 001 / RW 001, Kelurahan Naga Pita, Kecamatan Siantar Martoba, Kota Pematangsiantar | S27: L | T27: Kawin | U27: K0 | Y27: 0812-6049-7934 | Z27: 834356324 | AA27: 974184186125000 | AB27: sembiringimansyahsembiring@gmail.com | AC27: 26 Sep 2011 - 30 Apr 2012 | AI27: 41030 | AJ27: 41122 | AK27: =IF(AJ27="","",(DATEDIF(AI27,AJ27,"M")+1)) -> 4 | AL27: 41123 | AM27: 41488 | AN27: =IF(AM27="","",(DATEDIF(AL27,AM27,"M")+1)) -> 13 | AQ27: =IF(AP27="","",(DATEDIF(AO27,AP27,"M")+1)) | AT27: =IF(AS27="","",(DATEDIF(AR27,AS27,"M")+1)) | AW27: =IF(AV27="","",(DATEDIF(AU27,AV27,"M")+1)) | AZ27: =IF(AY27="","",(DATEDIF(AX27,AY27,"M")+1)) | BC27: =IF(BB27="","",(DATEDIF(BA27,BB27,"M")+1)) | BD27: =IF(G27="Tetap","",IF(BA27<>"",BA27,IF(AX27<>"",AX27,IF(AU27<>"",AU27,IF(AR27<>"",AR27,IF(AO27<>"",AO27,IF(AL27<>"",AL27,IF(AI27<>"",AI27,"")))))))) | BE27: =IF($AI27="","0",(DATEDIF($AI27,TODAY(),"Y"))) -> 14 | BF27: =IF($AI27="","",(DATEDIF($AI27,TODAY(),"YM"))) -> 5 | BG27: =IF($AI27="","",(DATEDIF($AI27,TODAY(),"MD"))) -> 2
A28: =A27+1 -> 15 | B28: 55027 | C28: A03015 | D28: PS2SD | E28: ANDI RINALDI | F28: Sopir | G28: =IF(AI28="","Perekrutan",IF(BE28>4,"Tetap",IF(BA28<>"","Kontrak VII",IF(AX28<>"","Kontrak VI",IF(AU28<>"","Kontrak V",IF(AR28<>"","Kontrak IV",IF(AO28<>"","Kontrak III",IF(AL28<>"","Kontrak II",IF(AI28<>"","Kontrak I",""))))))))) -> Tetap | H28: =IF(G28="Tetap","",IF(BA28<>"",BB28,IF(AX28<>"",AY28,IF(AU28<>"",AV28,IF(AR28<>"",AS28,IF(AO28<>"",AP28,IF(AL28<>"",AM28,IF(AI28<>"",AJ28,"")))))))) | I28: - | J28: - | K28: P.Siantar | L28: 1272072903790002 | M28: 1272071108090001 | N28: Islam | O28: P. Siantar | P28: 28943 | Q28: =IF(P28="","",(DATEDIF(P28,TODAY(),"Y"))) -> 47 | R28: Jln. V. Yudha BTN B-2, RT 018 / RW 006, Kelurahan Bah Kapul,Kecamatan Siantar Sitalasari, Kota Pematangsiantar | S28: L | T28: Belum Kawin | Y28: 0852-7030-8007 | Z28: 834524562 | AA28: 8530067571117000 | AB28: andi.renaldi79@gmail.com | AI28: 41122 | AJ28: 41221 | AK28: =IF(AJ28="","",(DATEDIF(AI28,AJ28,"M")+1)) -> 4 | AL28: 41222 | AM28: 41586 | AN28: =IF(AM28="","",(DATEDIF(AL28,AM28,"M")+1)) -> 12 | AQ28: =IF(AP28="","",(DATEDIF(AO28,AP28,"M")+1)) | AT28: =IF(AS28="","",(DATEDIF(AR28,AS28,"M")+1)) | AW28: =IF(AV28="","",(DATEDIF(AU28,AV28,"M")+1)) | AZ28: =IF(AY28="","",(DATEDIF(AX28,AY28,"M")+1)) | BC28: =IF(BB28="","",(DATEDIF(BA28,BB28,"M")+1)) | BD28: =IF(G28="Tetap","",IF(BA28<>"",BA28,IF(AX28<>"",AX28,IF(AU28<>"",AU28,IF(AR28<>"",AR28,IF(AO28<>"",AO28,IF(AL28<>"",AL28,IF(AI28<>"",AI28,"")))))))) | BE28: =IF($AI28="","0",(DATEDIF($AI28,TODAY(),"Y"))) -> 14 | BF28: =IF($AI28="","",(DATEDIF($AI28,TODAY(),"YM"))) -> 2 | BG28: =IF($AI28="","",(DATEDIF($AI28,TODAY(),"MD"))) -> 2
A29: =A28+1 -> 16 | B29: 55028 | C29: A03016 | D29: PS2SD | E29: TUMPAK TUA RINALDO LUMBAN TOBING | F29: Sopir | G29: =IF(AI29="","Perekrutan",IF(BE29>4,"Tetap",IF(BA29<>"","Kontrak VII",IF(AX29<>"","Kontrak VI",IF(AU29<>"","Kontrak V",IF(AR29<>"","Kontrak IV",IF(AO29<>"","Kontrak III",IF(AL29<>"","Kontrak II",IF(AI29<>"","Kontrak I",""))))))))) -> Kontrak IV | H29: =IF(G29="Tetap","",IF(BA29<>"",BB29,IF(AX29<>"",AY29,IF(AU29<>"",AV29,IF(AR29<>"",AS29,IF(AO29<>"",AP29,IF(AL29<>"",AM29,IF(AI29<>"",AJ29,"")))))))) -> 46660 | I29: - | J29: - | K29: Kab. Dairi | L29: 1211011403870004 | M29: 1211132711190001 | N29: Islam | O29: Sidikalang | P29: 31850 | Q29: =IF(P29="","",(DATEDIF(P29,TODAY(),"Y"))) -> 39 | R29: Desa Karing, RT 000 / RW 000, Desa Karing, Kecamatan Berampu, Kabupaten Dairi | S29: L | T29: Kawin | U29: K01 | V29: SMK | Y29: 0838-3906-8487 | Z29: 1919655889 | AA29: 530388685128000 | AB29: zembrong1985@gmail.com | AC29: Sopir Lepas | AI29: 45916 | AJ29: 46053 | AK29: =IF(AJ29="","",(DATEDIF(AI29,AJ29,"M")+1)) -> 5 | AL29: 46054 | AM29: 46173 | AN29: =IF(AM29="","",(DATEDIF(AL29,AM29,"M")+1)) -> 4 | AO29: 46174 | AP29: 46295 | AQ29: =IF(AP29="","",(DATEDIF(AO29,AP29,"M")+1)) -> 4 | AR29: 46296 | AS29: 46660 | AT29: =IF(AS29="","",(DATEDIF(AR29,AS29,"M")+1)) -> 12 | AW29: =IF(AV29="","",(DATEDIF(AU29,AV29,"M")+1)) | AZ29: =IF(AY29="","",(DATEDIF(AX29,AY29,"M")+1)) | BC29: =IF(BB29="","",(DATEDIF(BA29,BB29,"M")+1)) | BD29: =IF(G29="Tetap","",IF(BA29<>"",BA29,IF(AX29<>"",AX29,IF(AU29<>"",AU29,IF(AR29<>"",AR29,IF(AO29<>"",AO29,IF(AL29<>"",AL29,IF(AI29<>"",AI29,"")))))))) -> 46296 | BE29: =IF($AI29="","0",(DATEDIF($AI29,TODAY(),"Y"))) -> 1 | BF29: =IF($AI29="","",(DATEDIF($AI29,TODAY(),"YM"))) -> 0 | BG29: =IF($AI29="","",(DATEDIF($AI29,TODAY(),"MD"))) -> 17
A30: 1 | B30: 55029 | C30: A04001 | D30: LLU | E30: SUGENG SANTOSO | F30: Ka. Area | G30: =IF(AI30="","Perekrutan",IF(BE30>4,"Tetap",IF(BA30<>"","Kontrak VII",IF(AX30<>"","Kontrak VI",IF(AU30<>"","Kontrak V",IF(AR30<>"","Kontrak IV",IF(AO30<>"","Kontrak III",IF(AL30<>"","Kontrak II",IF(AI30<>"","Kontrak I",""))))))))) -> Tetap | H30: =IF(G30="Tetap","",IF(BA30<>"",BB30,IF(AX30<>"",AY30,IF(AU30<>"",AV30,IF(AR30<>"",AS30,IF(AO30<>"",AP30,IF(AL30<>"",AM30,IF(AI30<>"",AJ30,"")))))))) | K30: Malang | L30: 1104112606700002 | N30: Islam | O30: Probolinggo | P30: 25745 | Q30: =IF(P30="","",(DATEDIF(P30,TODAY(),"Y"))) -> 56 | R30: Simpang 4 Gunung Bukit Kebanyakan Aceh Tengah | S30: L | T30: Kawin | U30: K01 | Z30: 1130012192 | AA30: 1104112606700002 | AC30: 09 2007 – 21 Juli 2007 | AI30: 39286 | AJ30: 39469 | AK30: =IF(AJ30="","",(DATEDIF(AI30,AJ30,"M")+1)) -> 6 | AL30: 39470 | AM30: 39651 | AN30: =IF(AM30="","",(DATEDIF(AL30,AM30,"M")+1)) -> 6 | AQ30: =IF(AP30="","",(DATEDIF(AO30,AP30,"M")+1)) | AT30: =IF(AS30="","",(DATEDIF(AR30,AS30,"M")+1)) | AW30: =IF(AV30="","",(DATEDIF(AU30,AV30,"M")+1)) | AZ30: =IF(AY30="","",(DATEDIF(AX30,AY30,"M")+1)) | BC30: =IF(BB30="","",(DATEDIF(BA30,BB30,"M")+1)) | BD30: =IF(G30="Tetap","",IF(BA30<>"",BA30,IF(AX30<>"",AX30,IF(AU30<>"",AU30,IF(AR30<>"",AR30,IF(AO30<>"",AO30,IF(AL30<>"",AL30,IF(AI30<>"",AI30,"")))))))) | BE30: =IF($AI30="","0",(DATEDIF($AI30,TODAY(),"Y"))) -> 19 | BF30: =IF($AI30="","",(DATEDIF($AI30,TODAY(),"YM"))) -> 2 | BG30: =IF($AI30="","",(DATEDIF($AI30,TODAY(),"MD"))) -> 10
A31: =A30+1 -> 2 | B31: 55002 | C31: A01002 | D31: LLU | E31: RUDI ANTONI | F31: Sales Executive Taking Order | G31: =IF(AI31="","Perekrutan",IF(BE31>4,"Tetap",IF(BA31<>"","Kontrak VII",IF(AX31<>"","Kontrak VI",IF(AU31<>"","Kontrak V",IF(AR31<>"","Kontrak IV",IF(AO31<>"","Kontrak III",IF(AL31<>"","Kontrak II",IF(AI31<>"","Kontrak I",""))))))))) -> Kontrak IV | H31: =IF(G31="Tetap","",IF(BA31<>"",BB31,IF(AX31<>"",AY31,IF(AU31<>"",AV31,IF(AR31<>"",AS31,IF(AO31<>"",AP31,IF(AL31<>"",AM31,IF(AI31<>"",AJ31,"")))))))) -> 46477 | I31: A | J31: 9 | K31: Kab. Labuhanbatu | L31: 1222012102850003 | N31: Islam | O31: Gunung Melayu | P31: 31099 | Q31: =IF(P31="","",(DATEDIF(P31,TODAY(),"Y"))) -> 41 | R31: Jl. Manap Lubis Kampung Sawah RT / RW 0 Desa Sirandorung Kec. Rantau Utara Kab. Labuhanbatu Sumatera Utara | S31: L | T31: Kawin | U31: K02 | V31: SMA | Z31: 1799827455 | AA31: 1222012102850003 | AC31: Freelance | AI31: 45505 | AJ31: 45626 | AK31: =IF(AJ31="","",(DATEDIF(AI31,AJ31,"M")+1)) -> 4 | AL31: 45627 | AM31: 45991 | AN31: =IF(AM31="","",(DATEDIF(AL31,AM31,"M")+1)) -> 12 | AO31: 45992 | AP31: 46112 | AQ31: =IF(AP31="","",(DATEDIF(AO31,AP31,"M")+1)) -> 4 | AR31: 46113 | AS31: 46477 | AT31: =IF(AS31="","",(DATEDIF(AR31,AS31,"M")+1)) -> 12 | AW31: =IF(AV31="","",(DATEDIF(AU31,AV31,"M")+1)) | AZ31: =IF(AY31="","",(DATEDIF(AX31,AY31,"M")+1)) | BC31: =IF(BB31="","",(DATEDIF(BA31,BB31,"M")+1)) | BD31: =IF(G31="Tetap","",IF(BA31<>"",BA31,IF(AX31<>"",AX31,IF(AU31<>"",AU31,IF(AR31<>"",AR31,IF(AO31<>"",AO31,IF(AL31<>"",AL31,IF(AI31<>"",AI31,"")))))))) -> 46113 | BE31: =IF($AI31="","0",(DATEDIF($AI31,TODAY(),"Y"))) -> 2 | BF31: =IF($AI31="","",(DATEDIF($AI31,TODAY(),"YM"))) -> 2 | BG31: =IF($AI31="","",(DATEDIF($AI31,TODAY(),"MD"))) -> 2
A32: =A31+1 -> 3 | B32: 55030 | C32: A04002 | D32: LLU | E32: RIDHO FUSANTO | F32: Sales Executive (Dropping) | G32: =IF(AI32="","Perekrutan",IF(BE32>4,"Tetap",IF(BA32<>"","Kontrak VII",IF(AX32<>"","Kontrak VI",IF(AU32<>"","Kontrak V",IF(AR32<>"","Kontrak IV",IF(AO32<>"","Kontrak III",IF(AL32<>"","Kontrak II",IF(AI32<>"","Kontrak I",""))))))))) -> Tetap | H32: =IF(G32="Tetap","",IF(BA32<>"",BB32,IF(AX32<>"",AY32,IF(AU32<>"",AV32,IF(AR32<>"",AS32,IF(AO32<>"",AP32,IF(AL32<>"",AM32,IF(AI32<>"",AJ32,"")))))))) | I32: A | J32: 9 | K32: Kab. Labuhanbatu | L32: 1210141109910001 | N32: Islam | O32: Sidodadi | P32: 33492 | Q32: =IF(P32="","",(DATEDIF(P32,TODAY(),"Y"))) -> 35 | R32: Dusun Sidodadi B RT / RW 000 Desa Kampung Padang Kec. Pangkatan Kab. Labuhanbatu | S32: L | T32: Kawin | U32: K02 | V32: SMK | Z32: 916091091 | AA32: 1210141109910001 | AC32: Dari GBP 09 Sep 2024 | AI32: 43899 | AJ32: 09 Sep 24 - 31 Jan 2025 (9 Mar 2020) | AK32: =IF(AJ32="","",(DATEDIF(AI32,AJ32,"M")+1)) -> #VALUE! | AL32: 45689 | AM32: 45747 | AN32: =IF(AM32="","",(DATEDIF(AL32,AM32,"M")+1)) -> 2 | AQ32: =IF(AP32="","",(DATEDIF(AO32,AP32,"M")+1)) | AT32: =IF(AS32="","",(DATEDIF(AR32,AS32,"M")+1)) | AW32: =IF(AV32="","",(DATEDIF(AU32,AV32,"M")+1)) | AZ32: =IF(AY32="","",(DATEDIF(AX32,AY32,"M")+1)) | BC32: =IF(BB32="","",(DATEDIF(BA32,BB32,"M")+1)) | BD32: =IF(G32="Tetap","",IF(BA32<>"",BA32,IF(AX32<>"",AX32,IF(AU32<>"",AU32,IF(AR32<>"",AR32,IF(AO32<>"",AO32,IF(AL32<>"",AL32,IF(AI32<>"",AI32,"")))))))) | BE32: =IF($AI32="","0",(DATEDIF($AI32,TODAY(),"Y"))) -> 6 | BF32: =IF($AI32="","",(DATEDIF($AI32,TODAY(),"YM"))) -> 6 | BG32: =IF($AI32="","",(DATEDIF($AI32,TODAY(),"MD"))) -> 24
A33: =A32+1 -> 4 | B33: 55031 | C33: A04003 | D33: LLU | E33: THERESIA WIDI ASTUTY | F33: Administrasi Penjualan & Gudang (Kecil) Area | G33: =IF(AI33="","Perekrutan",IF(BE33>4,"Tetap",IF(BA33<>"","Kontrak VII",IF(AX33<>"","Kontrak VI",IF(AU33<>"","Kontrak V",IF(AR33<>"","Kontrak IV",IF(AO33<>"","Kontrak III",IF(AL33<>"","Kontrak II",IF(AI33<>"","Kontrak I",""))))))))) -> Tetap | H33: =IF(G33="Tetap","",IF(BA33<>"",BB33,IF(AX33<>"",AY33,IF(AU33<>"",AV33,IF(AR33<>"",AS33,IF(AO33<>"",AP33,IF(AL33<>"",AM33,IF(AI33<>"",AJ33,"")))))))) | I33: A | J33: 3 | K33: Kab. Labuhanbatu | L33: 1210015306860002 | N33: Kristen | O33: Rantauprapat | P33: 31576 | Q33: =IF(P33="","",(DATEDIF(P33,TODAY(),"Y"))) -> 40 | R33: Kompleks SMP N 3 RT / RW 000 Desa Padang Matinggi Kec. Rantau Utara, Kab. Labuhanbatu | S33: P | T33: Belum Kawin | U33: - | V33: S1 Akuntansi | Z33: 903257383 | AA33: 1210015306860002 | AC33: Dari GBP 09 Sep 2024 | AI33: 43862 | AJ33: 09 Sep 24 - 31 Jan 2025 ( 01 Feb 2020 ) | AK33: =IF(AJ33="","",(DATEDIF(AI33,AJ33,"M")+1)) -> #VALUE! | AN33: =IF(AM33="","",(DATEDIF(AL33,AM33,"M")+1)) | AQ33: =IF(AP33="","",(DATEDIF(AO33,AP33,"M")+1)) | AT33: =IF(AS33="","",(DATEDIF(AR33,AS33,"M")+1)) | AW33: =IF(AV33="","",(DATEDIF(AU33,AV33,"M")+1)) | AZ33: =IF(AY33="","",(DATEDIF(AX33,AY33,"M")+1)) | BC33: =IF(BB33="","",(DATEDIF(BA33,BB33,"M")+1)) | BD33: =IF(G33="Tetap","",IF(BA33<>"",BA33,IF(AX33<>"",AX33,IF(AU33<>"",AU33,IF(AR33<>"",AR33,IF(AO33<>"",AO33,IF(AL33<>"",AL33,IF(AI33<>"",AI33,"")))))))) | BE33: =IF($AI33="","0",(DATEDIF($AI33,TODAY(),"Y"))) -> 6 | BF33: =IF($AI33="","",(DATEDIF($AI33,TODAY(),"YM"))) -> 8 | BG33: =IF($AI33="","",(DATEDIF($AI33,TODAY(),"MD"))) -> 2
A34: =A33+1 -> 5 | B34: 55032 | C34: A04004 | D34: LLU | E34: REZA SYAHPUTRA | F34: Sales | G34: =IF(AI34="","Perekrutan",IF(BE34>4,"Tetap",IF(BA34<>"","Kontrak VII",IF(AX34<>"","Kontrak VI",IF(AU34<>"","Kontrak V",IF(AR34<>"","Kontrak IV",IF(AO34<>"","Kontrak III",IF(AL34<>"","Kontrak II",IF(AI34<>"","Kontrak I",""))))))))) -> Kontrak V | H34: =IF(G34="Tetap","",IF(BA34<>"",BB34,IF(AX34<>"",AY34,IF(AU34<>"",AV34,IF(AR34<>"",AS34,IF(AO34<>"",AP34,IF(AL34<>"",AM34,IF(AI34<>"",AJ34,"")))))))) -> 46568 | I34: A | J34: 3 | K34: Kab. Labuhanbatu | L34: 1210011606030004 | N34: Islam | O34: Aek Paing | P34: 37788 | Q34: =IF(P34="","",(DATEDIF(P34,TODAY(),"Y"))) -> 23 | R34: Aek Paing Tengah RT 001 RW 001 Desa Aek Paing Kec. Rantau Utara Kab. Labuhanbatu Sumut | S34: L | T34: Belum kawin | U34: - | V34: SMK | Z34: 1451370163 | AA34: 624716544116000 | AC34: Freelance | AI34: 44968 | AJ34: 45107 | AK34: =IF(AJ34="","",(DATEDIF(AI34,AJ34,"M")+1)) -> 5 | AL34: 45108 | AM34: 45473 | AN34: =IF(AM34="","",(DATEDIF(AL34,AM34,"M")+1)) -> 12 | AO34: 45474 | AP34: 45838 | AQ34: =IF(AP34="","",(DATEDIF(AO34,AP34,"M")+1)) -> 12 | AR34: 45839 | AS34: 46203 | AT34: =IF(AS34="","",(DATEDIF(AR34,AS34,"M")+1)) -> 12 | AU34: 46204 | AV34: 46568 | AW34: =IF(AV34="","",(DATEDIF(AU34,AV34,"M")+1)) -> 12 | AZ34: =IF(AY34="","",(DATEDIF(AX34,AY34,"M")+1)) | BC34: =IF(BB34="","",(DATEDIF(BA34,BB34,"M")+1)) | BD34: =IF(G34="Tetap","",IF(BA34<>"",BA34,IF(AX34<>"",AX34,IF(AU34<>"",AU34,IF(AR34<>"",AR34,IF(AO34<>"",AO34,IF(AL34<>"",AL34,IF(AI34<>"",AI34,"")))))))) -> 46204 | BE34: =IF($AI34="","0",(DATEDIF($AI34,TODAY(),"Y"))) -> 3 | BF34: =IF($AI34="","",(DATEDIF($AI34,TODAY(),"YM"))) -> 7 | BG34: =IF($AI34="","",(DATEDIF($AI34,TODAY(),"MD"))) -> 22
A35: =A34+1 -> 6 | B35: 55033 | C35: A04005 | D35: LLU | E35: FERDY ARYANSYAH KSATRIA RANGKUTI | F35: Sales | G35: =IF(AI35="","Perekrutan",IF(BE35>4,"Tetap",IF(BA35<>"","Kontrak VII",IF(AX35<>"","Kontrak VI",IF(AU35<>"","Kontrak V",IF(AR35<>"","Kontrak IV",IF(AO35<>"","Kontrak III",IF(AL35<>"","Kontrak II",IF(AI35<>"","Kontrak I",""))))))))) -> Tetap | H35: =IF(G35="Tetap","",IF(BA35<>"",BB35,IF(AX35<>"",AY35,IF(AU35<>"",AV35,IF(AR35<>"",AS35,IF(AO35<>"",AP35,IF(AL35<>"",AM35,IF(AI35<>"",AJ35,"")))))))) | I35: A | J35: 3 | K35: Kab. Labuhanbatu | L35: 1210011402820006 | N35: Islam | O35: Rantauprapat | P35: 29996 | Q35: =IF(P35="","",(DATEDIF(P35,TODAY(),"Y"))) -> 44 | R35: Jl. Sri Wijaya RT / RW 000 Desa Binaraga Kec. Rantau Utara, Kab. Labuhanbatu | S35: L | T35: Kawin | U35: K03 | V35: S1 Akuntansi | Z35: 834480181 | AA35: 918597890116000 | AC35: Dari GBP 09 Sep 2024 | AI35: 43678 | AJ35: 09 Sep 24 - 31 Jan 2025 (1 Agt 2019) | AK35: =IF(AJ35="","",(DATEDIF(AI35,AJ35,"M")+1)) -> #VALUE! | AN35: =IF(AM35="","",(DATEDIF(AL35,AM35,"M")+1)) | AQ35: =IF(AP35="","",(DATEDIF(AO35,AP35,"M")+1)) | AT35: =IF(AS35="","",(DATEDIF(AR35,AS35,"M")+1)) | AW35: =IF(AV35="","",(DATEDIF(AU35,AV35,"M")+1)) | AZ35: =IF(AY35="","",(DATEDIF(AX35,AY35,"M")+1)) | BC35: =IF(BB35="","",(DATEDIF(BA35,BB35,"M")+1)) | BD35: =IF(G35="Tetap","",IF(BA35<>"",BA35,IF(AX35<>"",AX35,IF(AU35<>"",AU35,IF(AR35<>"",AR35,IF(AO35<>"",AO35,IF(AL35<>"",AL35,IF(AI35<>"",AI35,"")))))))) | BE35: =IF($AI35="","0",(DATEDIF($AI35,TODAY(),"Y"))) -> 7 | BF35: =IF($AI35="","",(DATEDIF($AI35,TODAY(),"YM"))) -> 2 | BG35: =IF($AI35="","",(DATEDIF($AI35,TODAY(),"MD"))) -> 2
A36: =A35+1 -> 7 | B36: 55034 | C36: A04006 | D36: LLU | E36: RAMADANI | F36: Sales | G36: =IF(AI36="","Perekrutan",IF(BE36>4,"Tetap",IF(BA36<>"","Kontrak VII",IF(AX36<>"","Kontrak VI",IF(AU36<>"","Kontrak V",IF(AR36<>"","Kontrak IV",IF(AO36<>"","Kontrak III",IF(AL36<>"","Kontrak II",IF(AI36<>"","Kontrak I",""))))))))) -> Kontrak V | H36: =IF(G36="Tetap","",IF(BA36<>"",BB36,IF(AX36<>"",AY36,IF(AU36<>"",AV36,IF(AR36<>"",AS36,IF(AO36<>"",AP36,IF(AL36<>"",AM36,IF(AI36<>"",AJ36,"")))))))) -> 46660 | I36: A | J36: 3 | K36: Kab. Labuhanbatu | L36: 1210011702940001 | N36: Islam | O36: Rantauprapat | P36: 34392 | Q36: =IF(P36="","",(DATEDIF(P36,TODAY(),"Y"))) -> 32 | R36: Jl. Cik Ditiro Gg. Rejeki, RT 001 / RW 007, Desa Siringo - ringo, Kecamatan Rantau Utara, Kabupaten Labuhanbatu | S36: L | T36: Kawin | U36: K01 | V36: SMA | Z36: 1227812601 | AA36: 506729037116000 | AC36: Dari GBP 09 Sep 2024 | AI36: 45208 | AJ36: 09 Sep 24 - 31 Jan 2025 (9 Okt 2023) | AK36: =IF(AJ36="","",(DATEDIF(AI36,AJ36,"M")+1)) -> #VALUE! | AL36: 45689 | AM36: 45808 | AN36: =IF(AM36="","",(DATEDIF(AL36,AM36,"M")+1)) -> 4 | AO36: 45809 | AP36: 45930 | AQ36: =IF(AP36="","",(DATEDIF(AO36,AP36,"M")+1)) -> 4 | AR36: 45931 | AS36: 46295 | AT36: =IF(AS36="","",(DATEDIF(AR36,AS36,"M")+1)) -> 12 | AU36: 46296 | AV36: 46660 | AW36: =IF(AV36="","",(DATEDIF(AU36,AV36,"M")+1)) -> 12 | AZ36: =IF(AY36="","",(DATEDIF(AX36,AY36,"M")+1)) | BC36: =IF(BB36="","",(DATEDIF(BA36,BB36,"M")+1)) | BD36: =IF(G36="Tetap","",IF(BA36<>"",BA36,IF(AX36<>"",AX36,IF(AU36<>"",AU36,IF(AR36<>"",AR36,IF(AO36<>"",AO36,IF(AL36<>"",AL36,IF(AI36<>"",AI36,"")))))))) -> 46296 | BE36: =IF($AI36="","0",(DATEDIF($AI36,TODAY(),"Y"))) -> 2 | BF36: =IF($AI36="","",(DATEDIF($AI36,TODAY(),"YM"))) -> 11 | BG36: =IF($AI36="","",(DATEDIF($AI36,TODAY(),"MD"))) -> 24
A37: =A36+1 -> 8 | B37: 55035 | C37: A04007 | D37: LLU | E37: DEDY IRSYADH | F37: Sales | G37: =IF(AI37="","Perekrutan",IF(BE37>4,"Tetap",IF(BA37<>"","Kontrak VII",IF(AX37<>"","Kontrak VI",IF(AU37<>"","Kontrak V",IF(AR37<>"","Kontrak IV",IF(AO37<>"","Kontrak III",IF(AL37<>"","Kontrak II",IF(AI37<>"","Kontrak I",""))))))))) -> Kontrak IV | H37: =IF(G37="Tetap","",IF(BA37<>"",BB37,IF(AX37<>"",AY37,IF(AU37<>"",AV37,IF(AR37<>"",AS37,IF(AO37<>"",AP37,IF(AL37<>"",AM37,IF(AI37<>"",AJ37,"")))))))) -> 46477 | I37: A | J37: 3 | K37: Kab. Labuhanbatu | L37: 1210011412880001 | N37: Islam | O37: Rantauprapat | P37: 32491 | Q37: =IF(P37="","",(DATEDIF(P37,TODAY(),"Y"))) -> 37 | R37: Jl. Sri Wijaya RT / RW 000 Desa Binaraga Kec. Rantau Utara, Kab. Labuhanbatu | S37: L | T37: Kawin | U37: K03 | V37: S1 | Z37: 1883837241 | AA37: 1210011412880001 | AC37: Freelance | AI37: 45756 | AJ37: 45869 | AK37: =IF(AJ37="","",(DATEDIF(AI37,AJ37,"M")+1)) -> 4 | AL37: 45870 | AM37: 45991 | AN37: =IF(AM37="","",(DATEDIF(AL37,AM37,"M")+1)) -> 4 | AO37: 45992 | AP37: 46112 | AQ37: =IF(AP37="","",(DATEDIF(AO37,AP37,"M")+1)) -> 4 | AR37: 46113 | AS37: 46477 | AT37: =IF(AS37="","",(DATEDIF(AR37,AS37,"M")+1)) -> 12 | AW37: =IF(AV37="","",(DATEDIF(AU37,AV37,"M")+1)) | AZ37: =IF(AY37="","",(DATEDIF(AX37,AY37,"M")+1)) | BC37: =IF(BB37="","",(DATEDIF(BA37,BB37,"M")+1)) | BD37: =IF(G37="Tetap","",IF(BA37<>"",BA37,IF(AX37<>"",AX37,IF(AU37<>"",AU37,IF(AR37<>"",AR37,IF(AO37<>"",AO37,IF(AL37<>"",AL37,IF(AI37<>"",AI37,"")))))))) -> 46113 | BE37: =IF($AI37="","0",(DATEDIF($AI37,TODAY(),"Y"))) -> 1 | BF37: =IF($AI37="","",(DATEDIF($AI37,TODAY(),"YM"))) -> 5 | BG37: =IF($AI37="","",(DATEDIF($AI37,TODAY(),"MD"))) -> 24
A38: =A37+1 -> 9 | B38: 55036 | C38: A04008 | D38: LLU | E38: MARGI TRIYADI | F38: Sales | G38: =IF(AI38="","Perekrutan",IF(BE38>4,"Tetap",IF(BA38<>"","Kontrak VII",IF(AX38<>"","Kontrak VI",IF(AU38<>"","Kontrak V",IF(AR38<>"","Kontrak IV",IF(AO38<>"","Kontrak III",IF(AL38<>"","Kontrak II",IF(AI38<>"","Kontrak I",""))))))))) -> Kontrak IV | H38: =IF(G38="Tetap","",IF(BA38<>"",BB38,IF(AX38<>"",AY38,IF(AU38<>"",AV38,IF(AR38<>"",AS38,IF(AO38<>"",AP38,IF(AL38<>"",AM38,IF(AI38<>"",AJ38,"")))))))) -> 46630 | I38: A | J38: 3 | K38: Kab. Labuhanbatu | L38: 1223062510980006 | N38: Islam | O38: Afd I Janji | P38: 36093 | Q38: =IF(P38="","",(DATEDIF(P38,TODAY(),"Y"))) -> 27 | R38: Dusun Kampung Baru RT / RW 000 Desa Kampung Baru Kec. Bilah Barat Kab. Labuhanbatu | S38: L | T38: Kawin | U38: K01 | V38: SMA | Z38: 1927231199 | AA38: 501227771116000 | AC38: Sales Lepas | AI38: 45901 | AJ38: 46022 | AK38: =IF(AJ38="","",(DATEDIF(AI38,AJ38,"M")+1)) -> 4 | AL38: 46023 | AM38: 46142 | AN38: =IF(AM38="","",(DATEDIF(AL38,AM38,"M")+1)) -> 4 | AO38: 46143 | AP38: 46265 | AQ38: =IF(AP38="","",(DATEDIF(AO38,AP38,"M")+1)) -> 4 | AR38: 46266 | AS38: 46630 | AT38: =IF(AS38="","",(DATEDIF(AR38,AS38,"M")+1)) -> 12 | AW38: =IF(AV38="","",(DATEDIF(AU38,AV38,"M")+1)) | AZ38: =IF(AY38="","",(DATEDIF(AX38,AY38,"M")+1)) | BC38: =IF(BB38="","",(DATEDIF(BA38,BB38,"M")+1)) | BD38: =IF(G38="Tetap","",IF(BA38<>"",BA38,IF(AX38<>"",AX38,IF(AU38<>"",AU38,IF(AR38<>"",AR38,IF(AO38<>"",AO38,IF(AL38<>"",AL38,IF(AI38<>"",AI38,"")))))))) -> 46266 | BE38: =IF($AI38="","0",(DATEDIF($AI38,TODAY(),"Y"))) -> 1 | BF38: =IF($AI38="","",(DATEDIF($AI38,TODAY(),"YM"))) -> 1 | BG38: =IF($AI38="","",(DATEDIF($AI38,TODAY(),"MD"))) -> 2
A39: =A38+1 -> 10 | B39: 55037 | C39: A04009 | D39: LLU | E39: SURATMAN | F39: Sales | G39: =IF(AI39="","Perekrutan",IF(BE39>4,"Tetap",IF(BA39<>"","Kontrak VII",IF(AX39<>"","Kontrak VI",IF(AU39<>"","Kontrak V",IF(AR39<>"","Kontrak IV",IF(AO39<>"","Kontrak III",IF(AL39<>"","Kontrak II",IF(AI39<>"","Kontrak I",""))))))))) -> Kontrak IV | H39: =IF(G39="Tetap","",IF(BA39<>"",BB39,IF(AX39<>"",AY39,IF(AU39<>"",AV39,IF(AR39<>"",AS39,IF(AO39<>"",AP39,IF(AL39<>"",AM39,IF(AI39<>"",AJ39,"")))))))) -> 46630 | I39: A | J39: 3 | K39: Kab. Labuhanbatu | L39: 1210010306920003 | N39: Islam | O39: Bandar Selamat | P39: 33758 | Q39: =IF(P39="","",(DATEDIF(P39,TODAY(),"Y"))) -> 34 | R39: Lingk. Bandar Selamat I RT 001 RW 004 Desa Pulo Padang Kec. Rantau Utara Kab. Labuhanbatu | S39: L | T39: Kawin | U39: K02 | V39: SMK | Z39: 0230065476 | AA39: 1210010306920003 | AC39: Sales Lepas | AI39: 45901 | AJ39: 46022 | AK39: =IF(AJ39="","",(DATEDIF(AI39,AJ39,"M")+1)) -> 4 | AL39: 46023 | AM39: 46142 | AN39: =IF(AM39="","",(DATEDIF(AL39,AM39,"M")+1)) -> 4 | AO39: 46143 | AP39: 46265 | AQ39: =IF(AP39="","",(DATEDIF(AO39,AP39,"M")+1)) -> 4 | AR39: 46266 | AS39: 46630 | AT39: =IF(AS39="","",(DATEDIF(AR39,AS39,"M")+1)) -> 12 | AW39: =IF(AV39="","",(DATEDIF(AU39,AV39,"M")+1)) | AZ39: =IF(AY39="","",(DATEDIF(AX39,AY39,"M")+1)) | BC39: =IF(BB39="","",(DATEDIF(BA39,BB39,"M")+1)) | BD39: =IF(G39="Tetap","",IF(BA39<>"",BA39,IF(AX39<>"",AX39,IF(AU39<>"",AU39,IF(AR39<>"",AR39,IF(AO39<>"",AO39,IF(AL39<>"",AL39,IF(AI39<>"",AI39,"")))))))) -> 46266 | BE39: =IF($AI39="","0",(DATEDIF($AI39,TODAY(),"Y"))) -> 1 | BF39: =IF($AI39="","",(DATEDIF($AI39,TODAY(),"YM"))) -> 1 | BG39: =IF($AI39="","",(DATEDIF($AI39,TODAY(),"MD"))) -> 2
A40: =A39+1 -> 11 | B40: 55038 | C40: A04010 | D40: LLU | E40: KHAIRUL IMAN NASUTION | F40: Sopir | G40: =IF(AI40="","Perekrutan",IF(BE40>4,"Tetap",IF(BA40<>"","Kontrak VII",IF(AX40<>"","Kontrak VI",IF(AU40<>"","Kontrak V",IF(AR40<>"","Kontrak IV",IF(AO40<>"","Kontrak III",IF(AL40<>"","Kontrak II",IF(AI40<>"","Kontrak I",""))))))))) -> Kontrak IV | H40: =IF(G40="Tetap","",IF(BA40<>"",BB40,IF(AX40<>"",AY40,IF(AU40<>"",AV40,IF(AR40<>"",AS40,IF(AO40<>"",AP40,IF(AL40<>"",AM40,IF(AI40<>"",AJ40,"")))))))) -> 46477 | I40: - | J40: - | K40: Kab. Labuhanbatu | L40: 1220011604890001 | N40: Islam | O40: Hatiran | P40: 32694 | Q40: =IF(P40="","",(DATEDIF(P40,TODAY(),"Y"))) -> 37 | R40: Jl. Gajahmada No. 5 RT / RW - Desa Marbau Kec. Marbau Kab. Labuhanbatu Utara Sumatera Utara | S40: L | T40: Kawin | U40: K01 | Z40: 1817578341 | AA40: 1220011604890001 | AC40: Freelance | AI40: 45505 | AJ40: 45626 | AK40: =IF(AJ40="","",(DATEDIF(AI40,AJ40,"M")+1)) -> 4 | AL40: 45627 | AM40: 45991 | AN40: =IF(AM40="","",(DATEDIF(AL40,AM40,"M")+1)) -> 12 | AO40: 45992 | AP40: 46112 | AQ40: =IF(AP40="","",(DATEDIF(AO40,AP40,"M")+1)) -> 4 | AR40: 46113 | AS40: 46477 | AT40: =IF(AS40="","",(DATEDIF(AR40,AS40,"M")+1)) -> 12 | AW40: =IF(AV40="","",(DATEDIF(AU40,AV40,"M")+1)) | AZ40: =IF(AY40="","",(DATEDIF(AX40,AY40,"M")+1)) | BC40: =IF(BB40="","",(DATEDIF(BA40,BB40,"M")+1)) | BD40: =IF(G40="Tetap","",IF(BA40<>"",BA40,IF(AX40<>"",AX40,IF(AU40<>"",AU40,IF(AR40<>"",AR40,IF(AO40<>"",AO40,IF(AL40<>"",AL40,IF(AI40<>"",AI40,"")))))))) -> 46113 | BE40: =IF($AI40="","0",(DATEDIF($AI40,TODAY(),"Y"))) -> 2 | BF40: =IF($AI40="","",(DATEDIF($AI40,TODAY(),"YM"))) -> 2 | BG40: =IF($AI40="","",(DATEDIF($AI40,TODAY(),"MD"))) -> 2
A41: =A40+1 -> 12 | B41: 55006 | C41: A01006 | D41: LLU | E41: DODY WILANDA | F41: Sopir | G41: =IF(AI41="","Perekrutan",IF(BE41>4,"Tetap",IF(BA41<>"","Kontrak VII",IF(AX41<>"","Kontrak VI",IF(AU41<>"","Kontrak V",IF(AR41<>"","Kontrak IV",IF(AO41<>"","Kontrak III",IF(AL41<>"","Kontrak II",IF(AI41<>"","Kontrak I",""))))))))) -> Kontrak I | H41: =IF(G41="Tetap","",IF(BA41<>"",BB41,IF(AX41<>"",AY41,IF(AU41<>"",AV41,IF(AR41<>"",AS41,IF(AO41<>"",AP41,IF(AL41<>"",AM41,IF(AI41<>"",AJ41,"")))))))) -> 46387 | I41: A | J41: - | K41: Kab. Labuhanbatu | L41: 1207260902860008 | N41: Islam | O41: Tembung | P41: 31452 | Q41: =IF(P41="","",(DATEDIF(P41,TODAY(),"Y"))) -> 40 | R41: Desa Danau Balai - B RT/RW 000, Kecamatan Rantau Selatan, Kabupaten Labuhanbatu | S41: L | T41: Kawin | U41: K02 | V41: SMK | Z41: 2079011462 | AC41: 3 - 27 Juni 2026 | AD41: 29 Juni - 22 Juli 2026 | AE41: 23 Juli - 14 Agust 2026 | AI41: 46252 | AJ41: 46387 | AK41: =IF(AJ41="","",(DATEDIF(AI41,AJ41,"M")+1)) -> 5 | AQ41: =IF(AP41="","",(DATEDIF(AO41,AP41,"M")+1)) | AT41: =IF(AS41="","",(DATEDIF(AR41,AS41,"M")+1)) | AZ41: =IF(AY41="","",(DATEDIF(AX41,AY41,"M")+1)) | BC41: =IF(BB41="","",(DATEDIF(BA41,BB41,"M")+1)) | BD41: =IF(G41="Tetap","",IF(BA41<>"",BA41,IF(AX41<>"",AX41,IF(AU41<>"",AU41,IF(AR41<>"",AR41,IF(AO41<>"",AO41,IF(AL41<>"",AL41,IF(AI41<>"",AI41,"")))))))) -> 46252 | BE41: =IF($AI41="","0",(DATEDIF($AI41,TODAY(),"Y"))) -> 0 | BF41: =IF($AI41="","",(DATEDIF($AI41,TODAY(),"YM"))) -> 1 | BG41: =IF($AI41="","",(DATEDIF($AI41,TODAY(),"MD"))) -> 15
A42: 1 | B42: 55039 | C42: A05001 | D42: LSR | E42: ANDI ISMUNANDAR | F42: Ka. Area | G42: =IF(AI42="","Perekrutan",IF(BE42>4,"Tetap",IF(BA42<>"","Kontrak VII",IF(AX42<>"","Kontrak VI",IF(AU42<>"","Kontrak V",IF(AR42<>"","Kontrak IV",IF(AO42<>"","Kontrak III",IF(AL42<>"","Kontrak II",IF(AI42<>"","Kontrak I",""))))))))) -> Tetap | H42: =IF(G42="Tetap","",IF(BA42<>"",BB42,IF(AX42<>"",AY42,IF(AU42<>"",AV42,IF(AR42<>"",AS42,IF(AO42<>"",AP42,IF(AL42<>"",AM42,IF(AI42<>"",AJ42,"")))))))) | K42: Kab. Labuhanbatu | L42: 1223041104930002 | N42: Islam | O42: Karang Anyer | P42: 34070 | Q42: =IF(P42="","",(DATEDIF(P42,TODAY(),"Y"))) -> 33 | R42: Jl. Cendana Atas Rt / Rw 0 Desa Cendana Kec. Rantau Utara Kab. Labuhanbatu Sumut | S42: L | T42: Kawin | U42: K02 | Z42: 896541620 | AA42: 838795722116000 | AC42: 02 - 07 Des 2019 | AI42: 43808 | AJ42: 43899 | AK42: =IF(AJ42="","",(DATEDIF(AI42,AJ42,"M")+1)) -> 4 | AL42: 43900 | AM42: 44084 | AN42: =IF(AM42="","",(DATEDIF(AL42,AM42,"M")+1)) -> 7 | AO42: 44085 | AP42: 44815 | AQ42: =IF(AP42="","",(DATEDIF(AO42,AP42,"M")+1)) -> 25 | AR42: 44816 | AS42: 45657 | AT42: =IF(AS42="","",(DATEDIF(AR42,AS42,"M")+1)) -> 28 | AW42: =IF(AV42="","",(DATEDIF(AU42,AV42,"M")+1)) | AZ42: =IF(AY42="","",(DATEDIF(AX42,AY42,"M")+1)) | BC42: =IF(BB42="","",(DATEDIF(BA42,BB42,"M")+1)) | BD42: =IF(G42="Tetap","",IF(BA42<>"",BA42,IF(AX42<>"",AX42,IF(AU42<>"",AU42,IF(AR42<>"",AR42,IF(AO42<>"",AO42,IF(AL42<>"",AL42,IF(AI42<>"",AI42,"")))))))) | BE42: =IF($AI42="","0",(DATEDIF($AI42,TODAY(),"Y"))) -> 6 | BF42: =IF($AI42="","",(DATEDIF($AI42,TODAY(),"YM"))) -> 9 | BG42: =IF($AI42="","",(DATEDIF($AI42,TODAY(),"MD"))) -> 24
A43: =A42+1 -> 2 | B43: 55040 | C43: A05002 | D43: LSR | E43: ANWIR NASUTION | F43: Sales Executive (Dropping) | G43: =IF(AI43="","Perekrutan",IF(BE43>4,"Tetap",IF(BA43<>"","Kontrak VII",IF(AX43<>"","Kontrak VI",IF(AU43<>"","Kontrak V",IF(AR43<>"","Kontrak IV",IF(AO43<>"","Kontrak III",IF(AL43<>"","Kontrak II",IF(AI43<>"","Kontrak I",""))))))))) -> Tetap | H43: =IF(G43="Tetap","",IF(BA43<>"",BB43,IF(AX43<>"",AY43,IF(AU43<>"",AV43,IF(AR43<>"",AS43,IF(AO43<>"",AP43,IF(AL43<>"",AM43,IF(AI43<>"",AJ43,"")))))))) | I43: A | J43: 9 | K43: Kab. Labuhanbatu | L43: 1210012302940002 | N43: Islam | O43: Rantauprapat | P43: 34389 | Q43: =IF(P43="","",(DATEDIF(P43,TODAY(),"Y"))) -> 32 | R43: Jl. Sirandorung Gg. Ubudiyah Rt / Rw - Desa Sirandorung Kec. Rantau Utara Kab. Labuhanbantu Sumut | S43: L | T43: Belum kawin | U43: - | Z43: 896567558 | AA43: 419551528116000 | AC43: 02 - 07 Des 2019 | AI43: 43808 | AJ43: 43899 | AK43: =IF(AJ43="","",(DATEDIF(AI43,AJ43,"M")+1)) -> 4 | AL43: 43900 | AM43: 44084 | AN43: =IF(AM43="","",(DATEDIF(AL43,AM43,"M")+1)) -> 7 | AO43: 44085 | AP43: 44815 | AQ43: =IF(AP43="","",(DATEDIF(AO43,AP43,"M")+1)) -> 25 | AR43: 44816 | AS43: 45657 | AT43: =IF(AS43="","",(DATEDIF(AR43,AS43,"M")+1)) -> 28 | AW43: =IF(AV43="","",(DATEDIF(AU43,AV43,"M")+1)) | AZ43: =IF(AY43="","",(DATEDIF(AX43,AY43,"M")+1)) | BC43: =IF(BB43="","",(DATEDIF(BA43,BB43,"M")+1)) | BD43: =IF(G43="Tetap","",IF(BA43<>"",BA43,IF(AX43<>"",AX43,IF(AU43<>"",AU43,IF(AR43<>"",AR43,IF(AO43<>"",AO43,IF(AL43<>"",AL43,IF(AI43<>"",AI43,"")))))))) | BE43: =IF($AI43="","0",(DATEDIF($AI43,TODAY(),"Y"))) -> 6 | BF43: =IF($AI43="","",(DATEDIF($AI43,TODAY(),"YM"))) -> 9 | BG43: =IF($AI43="","",(DATEDIF($AI43,TODAY(),"MD"))) -> 24
A44: =A43+1 -> 3 | B44: 55041 | C44: A05003 | D44: LSR | E44: TIA ARDILA RITONGA | F44: Administrasi Penjualan & Gudang (Kecil) Area | G44: =IF(AI44="","Perekrutan",IF(BE44>4,"Tetap",IF(BA44<>"","Kontrak VII",IF(AX44<>"","Kontrak VI",IF(AU44<>"","Kontrak V",IF(AR44<>"","Kontrak IV",IF(AO44<>"","Kontrak III",IF(AL44<>"","Kontrak II",IF(AI44<>"","Kontrak I",""))))))))) -> Kontrak IV | H44: =IF(G44="Tetap","",IF(BA44<>"",BB44,IF(AX44<>"",AY44,IF(AU44<>"",AV44,IF(AR44<>"",AS44,IF(AO44<>"",AP44,IF(AL44<>"",AM44,IF(AI44<>"",AJ44,"")))))))) -> 46326 | I44: A | J44: 3 | K44: Kab. Labuhanbatu Selatan | L44: 1210076807990002 | N44: Islam | O44: Aek Nabara | P44: 36369 | Q44: =IF(P44="","",(DATEDIF(P44,TODAY(),"Y"))) -> 27 | R44: Dusun Tanjung Beringin RT / RW 000 Desa Tanjung Medan Kec. Bilah Barat Kab. Labuhanbatu | S44: P | T44: Belum Kawin | U44: - | V44: S1 Perbankan Syariah | Z44: 1883976579 | AA44: 1210076807990002 | AC44: 13 Sep - 14 Okt 2024 | AI44: 45580 | AJ44: 45716 | AK44: =IF(AJ44="","",(DATEDIF(AI44,AJ44,"M")+1)) -> 5 | AL44: 45717 | AM44: 45838 | AN44: =IF(AM44="","",(DATEDIF(AL44,AM44,"M")+1)) -> 4 | AO44: 45839 | AP44: 45961 | AQ44: =IF(AP44="","",(DATEDIF(AO44,AP44,"M")+1)) -> 4 | AR44: 45962 | AS44: 46326 | AT44: =IF(AS44="","",(DATEDIF(AR44,AS44,"M")+1)) -> 12 | AW44: =IF(AV44="","",(DATEDIF(AU44,AV44,"M")+1)) | AZ44: =IF(AY44="","",(DATEDIF(AX44,AY44,"M")+1)) | BC44: =IF(BB44="","",(DATEDIF(BA44,BB44,"M")+1)) | BD44: =IF(G44="Tetap","",IF(BA44<>"",BA44,IF(AX44<>"",AX44,IF(AU44<>"",AU44,IF(AR44<>"",AR44,IF(AO44<>"",AO44,IF(AL44<>"",AL44,IF(AI44<>"",AI44,"")))))))) -> 45962 | BE44: =IF($AI44="","0",(DATEDIF($AI44,TODAY(),"Y"))) -> 1 | BF44: =IF($AI44="","",(DATEDIF($AI44,TODAY(),"YM"))) -> 11 | BG44: =IF($AI44="","",(DATEDIF($AI44,TODAY(),"MD"))) -> 18
A45: =A44+1 -> 4 | B45: 55042 | C45: A05004 | D45: LSR | E45: AZI ARDIAN | F45: Sales | G45: =IF(AI45="","Perekrutan",IF(BE45>4,"Tetap",IF(BA45<>"","Kontrak VII",IF(AX45<>"","Kontrak VI",IF(AU45<>"","Kontrak V",IF(AR45<>"","Kontrak IV",IF(AO45<>"","Kontrak III",IF(AL45<>"","Kontrak II",IF(AI45<>"","Kontrak I",""))))))))) -> Tetap | H45: =IF(G45="Tetap","",IF(BA45<>"",BB45,IF(AX45<>"",AY45,IF(AU45<>"",AV45,IF(AR45<>"",AS45,IF(AO45<>"",AP45,IF(AL45<>"",AM45,IF(AI45<>"",AJ45,"")))))))) | I45: A | J45: 3 | K45: Kab. Labuhanbatu | L45: 1210021608860001 | N45: Islam | O45: Sigambal | P45: 31640 | Q45: =IF(P45="","",(DATEDIF(P45,TODAY(),"Y"))) -> 40 | R45: Jl. H. Adam Malik Gg. Selamat RT / RW 000 Desa Sirandorung Kec. Rantau Utara, Kab. Labuhanbatu, Sumut | S45: L | T45: Kawin | U45: K03 | V45: SMK | Z45: 845885436 | AA45: 355219641116000 | AC45: Dari GBP 09 Sep 2024 | AI45: 43684 | AJ45: 09 Sep 24 - 31 Jan 2025 (7 Agt 2019) | AK45: =IF(AJ45="","",(DATEDIF(AI45,AJ45,"M")+1)) -> #VALUE! | AN45: =IF(AM45="","",(DATEDIF(AL45,AM45,"M")+1)) | AQ45: =IF(AP45="","",(DATEDIF(AO45,AP45,"M")+1)) | AT45: =IF(AS45="","",(DATEDIF(AR45,AS45,"M")+1)) | AW45: =IF(AV45="","",(DATEDIF(AU45,AV45,"M")+1)) | AZ45: =IF(AY45="","",(DATEDIF(AX45,AY45,"M")+1)) | BC45: =IF(BB45="","",(DATEDIF(BA45,BB45,"M")+1)) | BD45: =IF(G45="Tetap","",IF(BA45<>"",BA45,IF(AX45<>"",AX45,IF(AU45<>"",AU45,IF(AR45<>"",AR45,IF(AO45<>"",AO45,IF(AL45<>"",AL45,IF(AI45<>"",AI45,"")))))))) | BE45: =IF($AI45="","0",(DATEDIF($AI45,TODAY(),"Y"))) -> 7 | BF45: =IF($AI45="","",(DATEDIF($AI45,TODAY(),"YM"))) -> 1 | BG45: =IF($AI45="","",(DATEDIF($AI45,TODAY(),"MD"))) -> 26
A46: =A45+1 -> 5 | B46: 55043 | C46: A05005 | D46: LSR | E46: EKO HIDAYAT | F46: Sales | G46: =IF(AI46="","Perekrutan",IF(BE46>4,"Tetap",IF(BA46<>"","Kontrak VII",IF(AX46<>"","Kontrak VI",IF(AU46<>"","Kontrak V",IF(AR46<>"","Kontrak IV",IF(AO46<>"","Kontrak III",IF(AL46<>"","Kontrak II",IF(AI46<>"","Kontrak I",""))))))))) -> Kontrak IV | H46: =IF(G46="Tetap","",IF(BA46<>"",BB46,IF(AX46<>"",AY46,IF(AU46<>"",AV46,IF(AR46<>"",AS46,IF(AO46<>"",AP46,IF(AL46<>"",AM46,IF(AI46<>"",AJ46,"")))))))) -> 46599 | I46: A | J46: 3 | K46: Kab. Labuhanbatu Selatan | L46: 1210011212920005 | N46: Islam | O46: Rantauprapat | P46: 33950 | Q46: =IF(P46="","",(DATEDIF(P46,TODAY(),"Y"))) -> 33 | R46: Jl. Binaraga Gg. Idola RT / RW 000 Desa Cendana Kec. Rantau Utara Kab. Labuhanbatu Sumut | S46: L | T46: Kawin | U46: K02 | V46: SMA | Z46: 1883837728 | AA46: 748500956116000 | AC46: Freelance | AI46: 45871 | AJ46: 45991 | AK46: =IF(AJ46="","",(DATEDIF(AI46,AJ46,"M")+1)) -> 4 | AL46: 45992 | AM46: 46112 | AN46: =IF(AM46="","",(DATEDIF(AL46,AM46,"M")+1)) -> 4 | AO46: 46113 | AP46: 46234 | AQ46: =IF(AP46="","",(DATEDIF(AO46,AP46,"M")+1)) -> 4 | AR46: 46235 | AS46: 46599 | AT46: =IF(AS46="","",(DATEDIF(AR46,AS46,"M")+1)) -> 12 | AW46: =IF(AV46="","",(DATEDIF(AU46,AV46,"M")+1)) | AZ46: =IF(AY46="","",(DATEDIF(AX46,AY46,"M")+1)) | BC46: =IF(BB46="","",(DATEDIF(BA46,BB46,"M")+1)) | BD46: =IF(G46="Tetap","",IF(BA46<>"",BA46,IF(AX46<>"",AX46,IF(AU46<>"",AU46,IF(AR46<>"",AR46,IF(AO46<>"",AO46,IF(AL46<>"",AL46,IF(AI46<>"",AI46,"")))))))) -> 46235 | BE46: =IF($AI46="","0",(DATEDIF($AI46,TODAY(),"Y"))) -> 1 | BF46: =IF($AI46="","",(DATEDIF($AI46,TODAY(),"YM"))) -> 2 | BG46: =IF($AI46="","",(DATEDIF($AI46,TODAY(),"MD"))) -> 1
A47: =A46+1 -> 6 | B47: 55044 | C47: A05006 | D47: LSR | E47: KIKI RISZKI | F47: Sales | G47: =IF(AI47="","Perekrutan",IF(BE47>4,"Tetap",IF(BA47<>"","Kontrak VII",IF(AX47<>"","Kontrak VI",IF(AU47<>"","Kontrak V",IF(AR47<>"","Kontrak IV",IF(AO47<>"","Kontrak III",IF(AL47<>"","Kontrak II",IF(AI47<>"","Kontrak I",""))))))))) -> Kontrak IV | H47: =IF(G47="Tetap","",IF(BA47<>"",BB47,IF(AX47<>"",AY47,IF(AU47<>"",AV47,IF(AR47<>"",AS47,IF(AO47<>"",AP47,IF(AL47<>"",AM47,IF(AI47<>"",AJ47,"")))))))) -> 46630 | I47: A | J47: 3 | K47: Kab. Labuhanbatu Selatan | L47: 1210010410920002 | N47: Islam | O47: Suka Rame | P47: 33881 | Q47: =IF(P47="","",(DATEDIF(P47,TODAY(),"Y"))) -> 33 | R47: Perumahan Puri Surya Bandar Rejo Blok D No. 16 RT / RW 000 Desa Ujung Bandar Kec. Rantau Selatan Kab. Labuhanbatu | S47: L | T47: Kawin | U47: K02 | V47: SMK | Z47: 1927211809 | AA47: 765576988116000 | AC47: Sales Lepas | AI47: 45901 | AJ47: 46022 | AK47: =IF(AJ47="","",(DATEDIF(AI47,AJ47,"M")+1)) -> 4 | AL47: 46023 | AM47: 46142 | AN47: =IF(AM47="","",(DATEDIF(AL47,AM47,"M")+1)) -> 4 | AO47: 46143 | AP47: 46265 | AQ47: =IF(AP47="","",(DATEDIF(AO47,AP47,"M")+1)) -> 4 | AR47: 46266 | AS47: 46630 | AT47: =IF(AS47="","",(DATEDIF(AR47,AS47,"M")+1)) -> 12 | AW47: =IF(AV47="","",(DATEDIF(AU47,AV47,"M")+1)) | AZ47: =IF(AY47="","",(DATEDIF(AX47,AY47,"M")+1)) | BC47: =IF(BB47="","",(DATEDIF(BA47,BB47,"M")+1)) | BD47: =IF(G47="Tetap","",IF(BA47<>"",BA47,IF(AX47<>"",AX47,IF(AU47<>"",AU47,IF(AR47<>"",AR47,IF(AO47<>"",AO47,IF(AL47<>"",AL47,IF(AI47<>"",AI47,"")))))))) -> 46266 | BE47: =IF($AI47="","0",(DATEDIF($AI47,TODAY(),"Y"))) -> 1 | BF47: =IF($AI47="","",(DATEDIF($AI47,TODAY(),"YM"))) -> 1 | BG47: =IF($AI47="","",(DATEDIF($AI47,TODAY(),"MD"))) -> 2
A48: =A47+1 -> 7 | B48: 55045 | C48: A05007 | D48: LSR | E48: ZULFADLI RAUF NASUTION | F48: Sopir | G48: =IF(AI48="","Perekrutan",IF(BE48>4,"Tetap",IF(BA48<>"","Kontrak VII",IF(AX48<>"","Kontrak VI",IF(AU48<>"","Kontrak V",IF(AR48<>"","Kontrak IV",IF(AO48<>"","Kontrak III",IF(AL48<>"","Kontrak II",IF(AI48<>"","Kontrak I",""))))))))) -> Kontrak IV | H48: =IF(G48="Tetap","",IF(BA48<>"",BB48,IF(AX48<>"",AY48,IF(AU48<>"",AV48,IF(AR48<>"",AS48,IF(AO48<>"",AP48,IF(AL48<>"",AM48,IF(AI48<>"",AJ48,"")))))))) -> 46599 | I48: - | J48: - | K48: Kab. Labuhanbatu Selatan | L48: 1222011311950004 | N48: Islam | O48: Jakarta | P48: 35016 | Q48: =IF(P48="","",(DATEDIF(P48,TODAY(),"Y"))) -> 30 | R48: Blok Songo Indah Blok A No. 11 RT / RW 000 Desa Sisumut Kec. Kotapinang Kab. Labuhanbuatu Selatan Sumut Kodepos 21464 | S48: L | T48: Belum Kawin | U48: - | V48: MAN | Z48: 1233559783 | AA48: 993854967116000 | AC48: Freelance | AI48: 45871 | AJ48: 45991 | AK48: =IF(AJ48="","",(DATEDIF(AI48,AJ48,"M")+1)) -> 4 | AL48: 45992 | AM48: 46112 | AN48: =IF(AM48="","",(DATEDIF(AL48,AM48,"M")+1)) -> 4 | AO48: 46113 | AP48: 46234 | AQ48: =IF(AP48="","",(DATEDIF(AO48,AP48,"M")+1)) -> 4 | AR48: 46235 | AS48: 46599 | AT48: =IF(AS48="","",(DATEDIF(AR48,AS48,"M")+1)) -> 12 | AW48: =IF(AV48="","",(DATEDIF(AU48,AV48,"M")+1)) | AZ48: =IF(AY48="","",(DATEDIF(AX48,AY48,"M")+1)) | BC48: =IF(BB48="","",(DATEDIF(BA48,BB48,"M")+1)) | BD48: =IF(G48="Tetap","",IF(BA48<>"",BA48,IF(AX48<>"",AX48,IF(AU48<>"",AU48,IF(AR48<>"",AR48,IF(AO48<>"",AO48,IF(AL48<>"",AL48,IF(AI48<>"",AI48,"")))))))) -> 46235 | BE48: =IF($AI48="","0",(DATEDIF($AI48,TODAY(),"Y"))) -> 1 | BF48: =IF($AI48="","",(DATEDIF($AI48,TODAY(),"YM"))) -> 2 | BG48: =IF($AI48="","",(DATEDIF($AI48,TODAY(),"MD"))) -> 1
A49: 1 | B49: 55046 | C49: A06001 | D49: ASAHAN | E49: RAMSES | F49: Ka. Area | G49: =IF(AI49="","Perekrutan",IF(BE49>4,"Tetap",IF(BA49<>"","Kontrak VII",IF(AX49<>"","Kontrak VI",IF(AU49<>"","Kontrak V",IF(AR49<>"","Kontrak IV",IF(AO49<>"","Kontrak III",IF(AL49<>"","Kontrak II",IF(AI49<>"","Kontrak I",""))))))))) -> Tetap | H49: =IF(G49="Tetap","",IF(BA49<>"",BB49,IF(AX49<>"",AY49,IF(AU49<>"",AV49,IF(AR49<>"",AS49,IF(AO49<>"",AP49,IF(AL49<>"",AM49,IF(AI49<>"",AJ49,"")))))))) | K49: Kab. Labuhanbatu | L49: 1210010411760008 | N49: Islam | O49: Rantauprapat | P49: 28068 | Q49: =IF(P49="","",(DATEDIF(P49,TODAY(),"Y"))) -> 49 | R49: Jl. Majapahit RT 001 RW 002 Desa Cendana Kec. Rantau Utara Kab. Labuhanbatu Sumut | S49: L | T49: Kawin | U49: K02 | Z49: 834471868 | AA49: 74878567211000 | AC49: - | AI49: 44200 | AJ49: 44320 | AK49: =IF(AJ49="","",(DATEDIF(AI49,AJ49,"M")+1)) -> 5 | AL49: 44321 | AM49: 44686 | AN49: =IF(AM49="","",(DATEDIF(AL49,AM49,"M")+1)) -> 13 | AO49: 44687 | AP49: 45443 | AQ49: =IF(AP49="","",(DATEDIF(AO49,AP49,"M")+1)) -> 25 | AR49: 45444 | AS49: 46053 | AT49: =IF(AS49="","",(DATEDIF(AR49,AS49,"M")+1)) -> 20 | AW49: =IF(AV49="","",(DATEDIF(AU49,AV49,"M")+1)) | AZ49: =IF(AY49="","",(DATEDIF(AX49,AY49,"M")+1)) | BC49: =IF(BB49="","",(DATEDIF(BA49,BB49,"M")+1)) | BD49: =IF(G49="Tetap","",IF(BA49<>"",BA49,IF(AX49<>"",AX49,IF(AU49<>"",AU49,IF(AR49<>"",AR49,IF(AO49<>"",AO49,IF(AL49<>"",AL49,IF(AI49<>"",AI49,"")))))))) | BE49: =IF($AI49="","0",(DATEDIF($AI49,TODAY(),"Y"))) -> 5 | BF49: =IF($AI49="","",(DATEDIF($AI49,TODAY(),"YM"))) -> 8 | BG49: =IF($AI49="","",(DATEDIF($AI49,TODAY(),"MD"))) -> 29
A50: =A49+1 -> 2 | B50: 55047 | C50: A06002 | D50: ASAHAN | E50: EKO BUDI SARWONO | F50: Sales Executive (Dropping) | G50: =IF(AI50="","Perekrutan",IF(BE50>4,"Tetap",IF(BA50<>"","Kontrak VII",IF(AX50<>"","Kontrak VI",IF(AU50<>"","Kontrak V",IF(AR50<>"","Kontrak IV",IF(AO50<>"","Kontrak III",IF(AL50<>"","Kontrak II",IF(AI50<>"","Kontrak I",""))))))))) -> Kontrak V | H50: =IF(G50="Tetap","",IF(BA50<>"",BB50,IF(AX50<>"",AY50,IF(AU50<>"",AV50,IF(AR50<>"",AS50,IF(AO50<>"",AP50,IF(AL50<>"",AM50,IF(AI50<>"",AJ50,"")))))))) -> 46660 | I50: A | J50: 9 | K50: Kab. Asahan | L50: 1209200702820003 | N50: Islam | O50: Siumbut - umbut | P50: 29989 | Q50: =IF(P50="","",(DATEDIF(P50,TODAY(),"Y"))) -> 44 | R50: Jl. Gambas Lk. IV RT / RW - Desa Siumbut Baru Kec. Kota Kisaran Timur, Kab. Asahan, Sumut | S50: L | T50: Kawin | U50: K01 | V50: SMK | Z50: 1666572463 | AA50: 1209200702820003 | AC50: Dari GBP 09 Sep 2024 | AI50: 44986 | AJ50: 09 Sep 24 - 31 Jan 2025 (1 Mar 2023) | AK50: =IF(AJ50="","",(DATEDIF(AI50,AJ50,"M")+1)) -> #VALUE! | AL50: 45689 | AM50: 45808 | AN50: =IF(AM50="","",(DATEDIF(AL50,AM50,"M")+1)) -> 4 | AO50: 45809 | AP50: 45930 | AQ50: =IF(AP50="","",(DATEDIF(AO50,AP50,"M")+1)) -> 4 | AR50: 45931 | AS50: 46295 | AT50: =IF(AS50="","",(DATEDIF(AR50,AS50,"M")+1)) -> 12 | AU50: 46296 | AV50: 46660 | AW50: =IF(AV50="","",(DATEDIF(AU50,AV50,"M")+1)) -> 12 | AZ50: =IF(AY50="","",(DATEDIF(AX50,AY50,"M")+1)) | BC50: =IF(BB50="","",(DATEDIF(BA50,BB50,"M")+1)) | BD50: =IF(G50="Tetap","",IF(BA50<>"",BA50,IF(AX50<>"",AX50,IF(AU50<>"",AU50,IF(AR50<>"",AR50,IF(AO50<>"",AO50,IF(AL50<>"",AL50,IF(AI50<>"",AI50,"")))))))) -> 46296 | BE50: =IF($AI50="","0",(DATEDIF($AI50,TODAY(),"Y"))) -> 3 | BF50: =IF($AI50="","",(DATEDIF($AI50,TODAY(),"YM"))) -> 7 | BG50: =IF($AI50="","",(DATEDIF($AI50,TODAY(),"MD"))) -> 2
A51: =A50+1 -> 3 | B51: 55048 | C51: A06003 | D51: ASAHAN | E51: NOVIA DINIA | F51: Administrasi Penjualan & Gudang (Kecil) Area | G51: =IF(AI51="","Perekrutan",IF(BE51>4,"Tetap",IF(BA51<>"","Kontrak VII",IF(AX51<>"","Kontrak VI",IF(AU51<>"","Kontrak V",IF(AR51<>"","Kontrak IV",IF(AO51<>"","Kontrak III",IF(AL51<>"","Kontrak II",IF(AI51<>"","Kontrak I",""))))))))) -> Kontrak IV | H51: =IF(G51="Tetap","",IF(BA51<>"",BB51,IF(AX51<>"",AY51,IF(AU51<>"",AV51,IF(AR51<>"",AS51,IF(AO51<>"",AP51,IF(AL51<>"",AM51,IF(AI51<>"",AJ51,"")))))))) -> 46326 | I51: A | J51: 3 | K51: Kab. Asahan | L51: 1210084609010001 | N51: Islam | O51: Bangun Sari - I | P51: 37140 | Q51: =IF(P51="","",(DATEDIF(P51,TODAY(),"Y"))) -> 25 | R51: Lingk. B. Sari - I RT / RW 000 Desa Negeri Baru Kec. Bilah Hilir, Kab. Labuhanbatu, Sumatera Utara | S51: P | T51: Belum Kawin | U51: - | V51: S1 PAI | Z51: 1885534040 | AA51: 1210084609010001 | AC51: 19 Sep - 18 Okt 2024 | AI51: 45574 | AJ51: 45716 | AK51: =IF(AJ51="","",(DATEDIF(AI51,AJ51,"M")+1)) -> 5 | AL51: 45717 | AM51: 45811 | AN51: =IF(AM51="","",(DATEDIF(AL51,AM51,"M")+1)) -> 4 | AO51: 45839 | AP51: 45961 | AQ51: =IF(AP51="","",(DATEDIF(AO51,AP51,"M")+1)) -> 4 | AR51: 45962 | AS51: 46326 | AT51: =IF(AS51="","",(DATEDIF(AR51,AS51,"M")+1)) -> 12 | AW51: =IF(AV51="","",(DATEDIF(AU51,AV51,"M")+1)) | AZ51: =IF(AY51="","",(DATEDIF(AX51,AY51,"M")+1)) | BC51: =IF(BB51="","",(DATEDIF(BA51,BB51,"M")+1)) | BD51: =IF(G51="Tetap","",IF(BA51<>"",BA51,IF(AX51<>"",AX51,IF(AU51<>"",AU51,IF(AR51<>"",AR51,IF(AO51<>"",AO51,IF(AL51<>"",AL51,IF(AI51<>"",AI51,"")))))))) -> 45962 | BE51: =IF($AI51="","0",(DATEDIF($AI51,TODAY(),"Y"))) -> 1 | BF51: =IF($AI51="","",(DATEDIF($AI51,TODAY(),"YM"))) -> 11 | BG51: =IF($AI51="","",(DATEDIF($AI51,TODAY(),"MD"))) -> 24
A52: =A51+1 -> 4 | B52: 55049 | C52: A06004 | D52: ASAHAN | E52: SAMSUL MARPAUNG | F52: Sales | G52: =IF(AI52="","Perekrutan",IF(BE52>4,"Tetap",IF(BA52<>"","Kontrak VII",IF(AX52<>"","Kontrak VI",IF(AU52<>"","Kontrak V",IF(AR52<>"","Kontrak IV",IF(AO52<>"","Kontrak III",IF(AL52<>"","Kontrak II",IF(AI52<>"","Kontrak I",""))))))))) -> Kontrak IV | H52: =IF(G52="Tetap","",IF(BA52<>"",BB52,IF(AX52<>"",AY52,IF(AU52<>"",AV52,IF(AR52<>"",AS52,IF(AO52<>"",AP52,IF(AL52<>"",AM52,IF(AI52<>"",AJ52,"")))))))) -> 46477 | I52: A | J52: 3 | K52: Kab. Asahan | L52: 1209130712800001 | N52: Islam | O52: Danau Sijabut | P52: 29562 | Q52: =IF(P52="","",(DATEDIF(P52,TODAY(),"Y"))) -> 45 | R52: Dusun II RT / RW - Desa Sijabut Teratai Kec. Air Batu Kab. Asahan Sumatera Utara | S52: L | T52: Kawin | U52: K04 | V52: S1 Pertanian | Z52: 1816025320 | AA52: 1209130712800001 | AC52: Freelance | AI52: 45505 | AJ52: 45626 | AK52: =IF(AJ52="","",(DATEDIF(AI52,AJ52,"M")+1)) -> 4 | AL52: 45627 | AM52: 45991 | AN52: =IF(AM52="","",(DATEDIF(AL52,AM52,"M")+1)) -> 12 | AO52: 45992 | AP52: 46112 | AQ52: =IF(AP52="","",(DATEDIF(AO52,AP52,"M")+1)) -> 4 | AR52: 46113 | AS52: 46477 | AT52: =IF(AS52="","",(DATEDIF(AR52,AS52,"M")+1)) -> 12 | AW52: =IF(AV52="","",(DATEDIF(AU52,AV52,"M")+1)) | AZ52: =IF(AY52="","",(DATEDIF(AX52,AY52,"M")+1)) | BC52: =IF(BB52="","",(DATEDIF(BA52,BB52,"M")+1)) | BD52: =IF(G52="Tetap","",IF(BA52<>"",BA52,IF(AX52<>"",AX52,IF(AU52<>"",AU52,IF(AR52<>"",AR52,IF(AO52<>"",AO52,IF(AL52<>"",AL52,IF(AI52<>"",AI52,"")))))))) -> 46113 | BE52: =IF($AI52="","0",(DATEDIF($AI52,TODAY(),"Y"))) -> 2 | BF52: =IF($AI52="","",(DATEDIF($AI52,TODAY(),"YM"))) -> 2 | BG52: =IF($AI52="","",(DATEDIF($AI52,TODAY(),"MD"))) -> 2
A53: =A52+1 -> 5 | B53: 55050 | C53: A06005 | D53: ASAHAN | E53: SUMERI | F53: Sales | G53: =IF(AI53="","Perekrutan",IF(BE53>4,"Tetap",IF(BA53<>"","Kontrak VII",IF(AX53<>"","Kontrak VI",IF(AU53<>"","Kontrak V",IF(AR53<>"","Kontrak IV",IF(AO53<>"","Kontrak III",IF(AL53<>"","Kontrak II",IF(AI53<>"","Kontrak I",""))))))))) -> Kontrak IV | H53: =IF(G53="Tetap","",IF(BA53<>"",BB53,IF(AX53<>"",AY53,IF(AU53<>"",AV53,IF(AR53<>"",AS53,IF(AO53<>"",AP53,IF(AL53<>"",AM53,IF(AI53<>"",AJ53,"")))))))) -> 46387 | I53: A | J53: 3 | K53: Kab. Asahan | L53: 1210021708830009 | N53: Islam | O53: Sidomakmur | P53: 30180 | Q53: =IF(P53="","",(DATEDIF(P53,TODAY(),"Y"))) -> 44 | R53: Dusun III RT / RW - Desa Suka Damai Kec. Pulo Bandring Kab. Asahan | S53: L | T53: Kawin | U53: K02 | V53: SMA | Z53: 1851143443 | AA53: 1210021708830009 | AC53: Freelance | AI53: 45659 | AJ53: 45777 | AK53: =IF(AJ53="","",(DATEDIF(AI53,AJ53,"M")+1)) -> 4 | AL53: 45778 | AM53: 45900 | AN53: =IF(AM53="","",(DATEDIF(AL53,AM53,"M")+1)) -> 4 | AO53: 45901 | AP53: 46022 | AQ53: =IF(AP53="","",(DATEDIF(AO53,AP53,"M")+1)) -> 4 | AR53: 46023 | AS53: 46387 | AT53: =IF(AS53="","",(DATEDIF(AR53,AS53,"M")+1)) -> 12 | AW53: =IF(AV53="","",(DATEDIF(AU53,AV53,"M")+1)) | AZ53: =IF(AY53="","",(DATEDIF(AX53,AY53,"M")+1)) | BC53: =IF(BB53="","",(DATEDIF(BA53,BB53,"M")+1)) | BD53: =IF(G53="Tetap","",IF(BA53<>"",BA53,IF(AX53<>"",AX53,IF(AU53<>"",AU53,IF(AR53<>"",AR53,IF(AO53<>"",AO53,IF(AL53<>"",AL53,IF(AI53<>"",AI53,"")))))))) -> 46023 | BE53: =IF($AI53="","0",(DATEDIF($AI53,TODAY(),"Y"))) -> 1 | BF53: =IF($AI53="","",(DATEDIF($AI53,TODAY(),"YM"))) -> 9 | BG53: =IF($AI53="","",(DATEDIF($AI53,TODAY(),"MD"))) -> 1
A54: =A53+1 -> 6 | B54: 55051 | C54: A06006 | D54: ASAHAN | E54: SUMARNO | F54: Sales | G54: =IF(AI54="","Perekrutan",IF(BE54>4,"Tetap",IF(BA54<>"","Kontrak VII",IF(AX54<>"","Kontrak VI",IF(AU54<>"","Kontrak V",IF(AR54<>"","Kontrak IV",IF(AO54<>"","Kontrak III",IF(AL54<>"","Kontrak II",IF(AI54<>"","Kontrak I",""))))))))) -> Kontrak V | H54: =IF(G54="Tetap","",IF(BA54<>"",BB54,IF(AX54<>"",AY54,IF(AU54<>"",AV54,IF(AR54<>"",AS54,IF(AO54<>"",AP54,IF(AL54<>"",AM54,IF(AI54<>"",AJ54,"")))))))) -> 46660 | I54: A | J54: 3 | K54: Kab. Asahan | L54: 1209190104760004 | N54: Islam | O54: Kisaran | P54: 27851 | Q54: =IF(P54="","",(DATEDIF(P54,TODAY(),"Y"))) -> 50 | R54: Jl. Ikan Mas Sidomukti Lk. V RT / RW 000 Desa Sidomukti Kec. Kota Kisaran Barat, Kab. Asahan, Sumut | S54: L | T54: Kawin | U54: K01 | V54: SMA | Z54: 1883833086 | AA54: 863372223115000 | AC54: Dari GBP 09 Sep 2024 | AI54: 45544 | AJ54: 45688 | AK54: =IF(AJ54="","",(DATEDIF(AI54,AJ54,"M")+1)) -> 5 | AL54: 45689 | AM54: 45808 | AN54: =IF(AM54="","",(DATEDIF(AL54,AM54,"M")+1)) -> 4 | AO54: 45809 | AP54: 45930 | AQ54: =IF(AP54="","",(DATEDIF(AO54,AP54,"M")+1)) -> 4 | AR54: 45931 | AS54: 46295 | AT54: =IF(AS54="","",(DATEDIF(AR54,AS54,"M")+1)) -> 12 | AU54: 46296 | AV54: 46660 | AW54: =IF(AV54="","",(DATEDIF(AU54,AV54,"M")+1)) -> 12 | AZ54: =IF(AY54="","",(DATEDIF(AX54,AY54,"M")+1)) | BC54: =IF(BB54="","",(DATEDIF(BA54,BB54,"M")+1)) | BD54: =IF(G54="Tetap","",IF(BA54<>"",BA54,IF(AX54<>"",AX54,IF(AU54<>"",AU54,IF(AR54<>"",AR54,IF(AO54<>"",AO54,IF(AL54<>"",AL54,IF(AI54<>"",AI54,"")))))))) -> 46296 | BE54: =IF($AI54="","0",(DATEDIF($AI54,TODAY(),"Y"))) -> 2 | BF54: =IF($AI54="","",(DATEDIF($AI54,TODAY(),"YM"))) -> 0 | BG54: =IF($AI54="","",(DATEDIF($AI54,TODAY(),"MD"))) -> 24
A55: =A54+1 -> 7 | B55: 55052 | C55: A06007 | D55: ASAHAN | E55: MUHAMMAD MACHSUM AFANDI | F55: Sales | G55: =IF(AI55="","Perekrutan",IF(BE55>4,"Tetap",IF(BA55<>"","Kontrak VII",IF(AX55<>"","Kontrak VI",IF(AU55<>"","Kontrak V",IF(AR55<>"","Kontrak IV",IF(AO55<>"","Kontrak III",IF(AL55<>"","Kontrak II",IF(AI55<>"","Kontrak I",""))))))))) -> Kontrak IV | H55: =IF(G55="Tetap","",IF(BA55<>"",BB55,IF(AX55<>"",AY55,IF(AU55<>"",AV55,IF(AR55<>"",AS55,IF(AO55<>"",AP55,IF(AL55<>"",AM55,IF(AI55<>"",AJ55,"")))))))) -> 46599 | I55: A | J55: 3 | K55: Kab. Asahan | L55: 1209302702000001 | N55: Islam | O55: Sidomulyo | P55: 36583 | Q55: =IF(P55="","",(DATEDIF(P55,TODAY(),"Y"))) -> 26 | R55: Dusun II RT / RW 000 Desa Bunut Seberang Kec. Pulo Bandring Kab. Asahan Sumut | S55: L | T55: Belum Kawin | U55: - | V55: SMK | Z55: 1883520233 | AA55: 1209302702000001 | AC55: Freelance | AI55: 45871 | AJ55: 45991 | AK55: =IF(AJ55="","",(DATEDIF(AI55,AJ55,"M")+1)) -> 4 | AL55: 45992 | AM55: 46112 | AN55: =IF(AM55="","",(DATEDIF(AL55,AM55,"M")+1)) -> 4 | AO55: 46113 | AP55: 46234 | AQ55: =IF(AP55="","",(DATEDIF(AO55,AP55,"M")+1)) -> 4 | AR55: 46235 | AS55: 46599 | AT55: =IF(AS55="","",(DATEDIF(AR55,AS55,"M")+1)) -> 12 | AW55: =IF(AV55="","",(DATEDIF(AU55,AV55,"M")+1)) | AZ55: =IF(AY55="","",(DATEDIF(AX55,AY55,"M")+1)) | BC55: =IF(BB55="","",(DATEDIF(BA55,BB55,"M")+1)) | BD55: =IF(G55="Tetap","",IF(BA55<>"",BA55,IF(AX55<>"",AX55,IF(AU55<>"",AU55,IF(AR55<>"",AR55,IF(AO55<>"",AO55,IF(AL55<>"",AL55,IF(AI55<>"",AI55,"")))))))) -> 46235 | BE55: =IF($AI55="","0",(DATEDIF($AI55,TODAY(),"Y"))) -> 1 | BF55: =IF($AI55="","",(DATEDIF($AI55,TODAY(),"YM"))) -> 2 | BG55: =IF($AI55="","",(DATEDIF($AI55,TODAY(),"MD"))) -> 1
A56: =A55+1 -> 8 | B56: 55053 | C56: A06008 | D56: ASAHAN | E56: DARMA SISWANTO | F56: Sales | G56: =IF(AI56="","Perekrutan",IF(BE56>4,"Tetap",IF(BA56<>"","Kontrak VII",IF(AX56<>"","Kontrak VI",IF(AU56<>"","Kontrak V",IF(AR56<>"","Kontrak IV",IF(AO56<>"","Kontrak III",IF(AL56<>"","Kontrak II",IF(AI56<>"","Kontrak I",""))))))))) -> Kontrak IV | H56: =IF(G56="Tetap","",IF(BA56<>"",BB56,IF(AX56<>"",AY56,IF(AU56<>"",AV56,IF(AR56<>"",AS56,IF(AO56<>"",AP56,IF(AL56<>"",AM56,IF(AI56<>"",AJ56,"")))))))) -> 46599 | I56: A | J56: 3 | K56: Kab. Asahan | L56: 1209301610820001 | N56: Islam | O56: Sido Makmur | P56: 30240 | Q56: =IF(P56="","",(DATEDIF(P56,TODAY(),"Y"))) -> 43 | R56: Suka Damai Dsn. III RT / RW - Desa Suka Damai Kec. Pulo Bandring Kab. Asahan Sumut kode pos 21264 | S56: L | T56: Kawin | U56: K02 | V56: SMA | Z56: 1308988084 | AA56: 1209301610820001 | AC56: Freelance | AI56: 45871 | AJ56: 45991 | AK56: =IF(AJ56="","",(DATEDIF(AI56,AJ56,"M")+1)) -> 4 | AL56: 45992 | AM56: 46112 | AN56: =IF(AM56="","",(DATEDIF(AL56,AM56,"M")+1)) -> 4 | AO56: 46113 | AP56: 46234 | AQ56: =IF(AP56="","",(DATEDIF(AO56,AP56,"M")+1)) -> 4 | AR56: 46235 | AS56: 46599 | AT56: =IF(AS56="","",(DATEDIF(AR56,AS56,"M")+1)) -> 12 | AW56: =IF(AV56="","",(DATEDIF(AU56,AV56,"M")+1)) | AZ56: =IF(AY56="","",(DATEDIF(AX56,AY56,"M")+1)) | BC56: =IF(BB56="","",(DATEDIF(BA56,BB56,"M")+1)) | BD56: =IF(G56="Tetap","",IF(BA56<>"",BA56,IF(AX56<>"",AX56,IF(AU56<>"",AU56,IF(AR56<>"",AR56,IF(AO56<>"",AO56,IF(AL56<>"",AL56,IF(AI56<>"",AI56,"")))))))) -> 46235 | BE56: =IF($AI56="","0",(DATEDIF($AI56,TODAY(),"Y"))) -> 1 | BF56: =IF($AI56="","",(DATEDIF($AI56,TODAY(),"YM"))) -> 2 | BG56: =IF($AI56="","",(DATEDIF($AI56,TODAY(),"MD"))) -> 1
A57: 1 | D57: ASAHAN | E57: WIRA KESUMA | F57: Calon Sales (Grebek) | G57: =IF(AI57="","Perekrutan",IF(BE57>4,"Tetap",IF(BA57<>"","Kontrak VII",IF(AX57<>"","Kontrak VI",IF(AU57<>"","Kontrak V",IF(AR57<>"","Kontrak IV",IF(AO57<>"","Kontrak III",IF(AL57<>"","Kontrak II",IF(AI57<>"","Kontrak I",""))))))))) -> Perekrutan | H57: =IF(G57="Tetap","",IF(BA57<>"",BB57,IF(AX57<>"",AY57,IF(AU57<>"",AV57,IF(AR57<>"",AS57,IF(AO57<>"",AP57,IF(AL57<>"",AM57,IF(AI57<>"",AJ57,"")))))))) | K57: Kab. Asahan | L57: 1209192504920001 | N57: Islam | O57: Kisaran | P57: 33719 | Q57: =IF(P57="","",(DATEDIF(P57,TODAY(),"Y"))) -> 34 | R57: Jl. Akasia Blok 6 LK.II, RT / RW 000, Kelurahan Mekar Baru, Kecamatan Kota Kisaran Barat, Kabupaten Asahan | S57: L | T57: Belum kawin | U57: K0 | V57: D | AC57: 14 Sept - 07 Okto 2026 | AD57: 08 - 31 Oktober 2026 | AE57: 02 - 24 November 2026 | AK57: =IF(AJ57="","",(DATEDIF(AI57,AJ57,"M")+1)) | AN57: =IF(AM57="","",(DATEDIF(AL57,AM57,"M")+1)) | AQ57: =IF(AP57="","",(DATEDIF(AO57,AP57,"M")+1)) | AT57: =IF(AS57="","",(DATEDIF(AR57,AS57,"M")+1)) | AW57: =IF(AV57="","",(DATEDIF(AU57,AV57,"M")+1)) | AZ57: =IF(AY57="","",(DATEDIF(AX57,AY57,"M")+1)) | BC57: =IF(BB57="","",(DATEDIF(BA57,BB57,"M")+1)) | BD57: =IF(G57="Tetap","",IF(BA57<>"",BA57,IF(AX57<>"",AX57,IF(AU57<>"",AU57,IF(AR57<>"",AR57,IF(AO57<>"",AO57,IF(AL57<>"",AL57,IF(AI57<>"",AI57,"")))))))) | BE57: =IF($AI57="","0",(DATEDIF($AI57,TODAY(),"Y"))) -> 0 | BF57: =IF($AI57="","",(DATEDIF($AI57,TODAY(),"YM"))) | BG57: =IF($AI57="","",(DATEDIF($AI57,TODAY(),"MD")))
A58: =A57+1 -> 2 | D58: ASAHAN | E58: SUPRIANTO | F58: Calon Sales (Grebek) | G58: =IF(AI58="","Perekrutan",IF(BE58>4,"Tetap",IF(BA58<>"","Kontrak VII",IF(AX58<>"","Kontrak VI",IF(AU58<>"","Kontrak V",IF(AR58<>"","Kontrak IV",IF(AO58<>"","Kontrak III",IF(AL58<>"","Kontrak II",IF(AI58<>"","Kontrak I",""))))))))) -> Perekrutan | H58: =IF(G58="Tetap","",IF(BA58<>"",BB58,IF(AX58<>"",AY58,IF(AU58<>"",AV58,IF(AR58<>"",AS58,IF(AO58<>"",AP58,IF(AL58<>"",AM58,IF(AI58<>"",AJ58,"")))))))) | K58: Kab. Asahan | L58: 1209200401850001 | N58: Islam | O58: Kisaran | P58: 31051 | Q58: =IF(P58="","",(DATEDIF(P58,TODAY(),"Y"))) -> 41 | R58: Jl. Kapten Fere Tandean, RT / RW 000, Kelurahan Lestari, Kecamatan Kota Kisaran Timur, Kabupaten Asahan | S58: L | T58: Kawin | U58: K02 | V58: SMA | AC58: 14 Sept - 07 Okto 2026 | AD58: 08 - 31 Oktober 2026 | AE58: 02 - 24 November 2026 | AK58: =IF(AJ58="","",(DATEDIF(AI58,AJ58,"M")+1)) | AN58: =IF(AM58="","",(DATEDIF(AL58,AM58,"M")+1)) | AQ58: =IF(AP58="","",(DATEDIF(AO58,AP58,"M")+1)) | AT58: =IF(AS58="","",(DATEDIF(AR58,AS58,"M")+1)) | AW58: =IF(AV58="","",(DATEDIF(AU58,AV58,"M")+1)) | AZ58: =IF(AY58="","",(DATEDIF(AX58,AY58,"M")+1)) | BC58: =IF(BB58="","",(DATEDIF(BA58,BB58,"M")+1)) | BD58: =IF(G58="Tetap","",IF(BA58<>"",BA58,IF(AX58<>"",AX58,IF(AU58<>"",AU58,IF(AR58<>"",AR58,IF(AO58<>"",AO58,IF(AL58<>"",AL58,IF(AI58<>"",AI58,"")))))))) | BE58: =IF($AI58="","0",(DATEDIF($AI58,TODAY(),"Y"))) -> 0 | BF58: =IF($AI58="","",(DATEDIF($AI58,TODAY(),"YM"))) | BG58: =IF($AI58="","",(DATEDIF($AI58,TODAY(),"MD")))
A59: =A58+1 -> 3 | D59: ASAHAN | E59: FAZRI ASRI ANDHY SIREGAR | F59: Calon Sales (Grebek) | G59: =IF(AI59="","Perekrutan",IF(BE59>4,"Tetap",IF(BA59<>"","Kontrak VII",IF(AX59<>"","Kontrak VI",IF(AU59<>"","Kontrak V",IF(AR59<>"","Kontrak IV",IF(AO59<>"","Kontrak III",IF(AL59<>"","Kontrak II",IF(AI59<>"","Kontrak I",""))))))))) -> Perekrutan | H59: =IF(G59="Tetap","",IF(BA59<>"",BB59,IF(AX59<>"",AY59,IF(AU59<>"",AV59,IF(AR59<>"",AS59,IF(AO59<>"",AP59,IF(AL59<>"",AM59,IF(AI59<>"",AJ59,"")))))))) | K59: Kab. Asahan | L59: 1209192804800004 | N59: Islam | O59: Kisaran | P59: 29339 | Q59: =IF(P59="","",(DATEDIF(P59,TODAY(),"Y"))) -> 46 | R59: Jl. Panglima Polem No. 117 LK II, RT / RW 000, Kelurahan Tebing Kisaran, Kecamatan Kota Kisaran Barat, Kabupaten Asahan | S59: L | T59: Cerai Hidup | U59: K01 | V59: S1 | AC59: 14 Sept - 07 Okto 2026 | AD59: 08 - 31 Oktober 2026 | AE59: 02 - 24 November 2026 | AK59: =IF(AJ59="","",(DATEDIF(AI59,AJ59,"M")+1)) | AN59: =IF(AM59="","",(DATEDIF(AL59,AM59,"M")+1)) | AQ59: =IF(AP59="","",(DATEDIF(AO59,AP59,"M")+1)) | AT59: =IF(AS59="","",(DATEDIF(AR59,AS59,"M")+1)) | AW59: =IF(AV59="","",(DATEDIF(AU59,AV59,"M")+1)) | AZ59: =IF(AY59="","",(DATEDIF(AX59,AY59,"M")+1)) | BC59: =IF(BB59="","",(DATEDIF(BA59,BB59,"M")+1)) | BD59: =IF(G59="Tetap","",IF(BA59<>"",BA59,IF(AX59<>"",AX59,IF(AU59<>"",AU59,IF(AR59<>"",AR59,IF(AO59<>"",AO59,IF(AL59<>"",AL59,IF(AI59<>"",AI59,"")))))))) | BE59: =IF($AI59="","0",(DATEDIF($AI59,TODAY(),"Y"))) -> 0 | BF59: =IF($AI59="","",(DATEDIF($AI59,TODAY(),"YM"))) | BG59: =IF($AI59="","",(DATEDIF($AI59,TODAY(),"MD")))
A60: =A59+1 -> 4 | D60: ASAHAN | E60: GUNAWAN | F60: Calon Sales (Grebek) | G60: =IF(AI60="","Perekrutan",IF(BE60>4,"Tetap",IF(BA60<>"","Kontrak VII",IF(AX60<>"","Kontrak VI",IF(AU60<>"","Kontrak V",IF(AR60<>"","Kontrak IV",IF(AO60<>"","Kontrak III",IF(AL60<>"","Kontrak II",IF(AI60<>"","Kontrak I",""))))))))) -> Perekrutan | H60: =IF(G60="Tetap","",IF(BA60<>"",BB60,IF(AX60<>"",AY60,IF(AU60<>"",AV60,IF(AR60<>"",AS60,IF(AO60<>"",AP60,IF(AL60<>"",AM60,IF(AI60<>"",AJ60,"")))))))) | K60: Kab. Asahan | L60: 1209191702920003 | N60: Islam | O60: Kisaran | P60: 33651 | Q60: =IF(P60="","",(DATEDIF(P60,TODAY(),"Y"))) -> 34 | R60: Jl. Akasia LK.II, RT / RW 000, Kelurahan Mekar Baru, Kecamatan Kota Kisaran Barat, Kabupaten Asahan | S60: L | T60: Kawin | U60: K02 | V60: SMA | AC60: 14 Sept - 07 Okto 2026 | AD60: 08 - 31 Oktober 2026 | AE60: 02 - 24 November 2026 | AK60: =IF(AJ60="","",(DATEDIF(AI60,AJ60,"M")+1)) | AN60: =IF(AM60="","",(DATEDIF(AL60,AM60,"M")+1)) | AQ60: =IF(AP60="","",(DATEDIF(AO60,AP60,"M")+1)) | AT60: =IF(AS60="","",(DATEDIF(AR60,AS60,"M")+1)) | AW60: =IF(AV60="","",(DATEDIF(AU60,AV60,"M")+1)) | AZ60: =IF(AY60="","",(DATEDIF(AX60,AY60,"M")+1)) | BC60: =IF(BB60="","",(DATEDIF(BA60,BB60,"M")+1)) | BD60: =IF(G60="Tetap","",IF(BA60<>"",BA60,IF(AX60<>"",AX60,IF(AU60<>"",AU60,IF(AR60<>"",AR60,IF(AO60<>"",AO60,IF(AL60<>"",AL60,IF(AI60<>"",AI60,"")))))))) | BE60: =IF($AI60="","0",(DATEDIF($AI60,TODAY(),"Y"))) -> 0 | BF60: =IF($AI60="","",(DATEDIF($AI60,TODAY(),"YM"))) | BG60: =IF($AI60="","",(DATEDIF($AI60,TODAY(),"MD")))
A61: =A60+1 -> 5 | D61: ASAHAN | E61: M. TAUFIK NASUTION | F61: Calon Sales (Grebek) | G61: =IF(AI61="","Perekrutan",IF(BE61>4,"Tetap",IF(BA61<>"","Kontrak VII",IF(AX61<>"","Kontrak VI",IF(AU61<>"","Kontrak V",IF(AR61<>"","Kontrak IV",IF(AO61<>"","Kontrak III",IF(AL61<>"","Kontrak II",IF(AI61<>"","Kontrak I",""))))))))) -> Perekrutan | H61: =IF(G61="Tetap","",IF(BA61<>"",BB61,IF(AX61<>"",AY61,IF(AU61<>"",AV61,IF(AR61<>"",AS61,IF(AO61<>"",AP61,IF(AL61<>"",AM61,IF(AI61<>"",AJ61,"")))))))) | K61: Kab. Asahan | L61: 1403090408910001 | N61: Islam | O61: Medan | P61: 33454 | Q61: =IF(P61="","",(DATEDIF(P61,TODAY(),"Y"))) -> 35 | R61: Dusun II, RT / RW 000, Kelurahan Sidomulyo, Kecamatan Pulo Bandring, Kabupaten Asahan | S61: L | T61: Kawin | U61: K02 | V61: SMA | AC61: 14 Sept - 07 Okto 2026 | AD61: 08 - 31 Oktober 2026 | AE61: 02 - 24 November 2026 | AK61: =IF(AJ61="","",(DATEDIF(AI61,AJ61,"M")+1)) | AN61: =IF(AM61="","",(DATEDIF(AL61,AM61,"M")+1)) | AQ61: =IF(AP61="","",(DATEDIF(AO61,AP61,"M")+1)) | AT61: =IF(AS61="","",(DATEDIF(AR61,AS61,"M")+1)) | AW61: =IF(AV61="","",(DATEDIF(AU61,AV61,"M")+1)) | AZ61: =IF(AY61="","",(DATEDIF(AX61,AY61,"M")+1)) | BC61: =IF(BB61="","",(DATEDIF(BA61,BB61,"M")+1)) | BD61: =IF(G61="Tetap","",IF(BA61<>"",BA61,IF(AX61<>"",AX61,IF(AU61<>"",AU61,IF(AR61<>"",AR61,IF(AO61<>"",AO61,IF(AL61<>"",AL61,IF(AI61<>"",AI61,"")))))))) | BE61: =IF($AI61="","0",(DATEDIF($AI61,TODAY(),"Y"))) -> 0 | BF61: =IF($AI61="","",(DATEDIF($AI61,TODAY(),"YM"))) | BG61: =IF($AI61="","",(DATEDIF($AI61,TODAY(),"MD")))
A62: 1 | B62: 55054 | C62: A07001 | D62: PS1S | E62: BAMBANG HERU LEGOWO | F62: Kepala Area | G62: =IF(AI62="","Perekrutan",IF(BE62>4,"Tetap",IF(BA62<>"","Kontrak VII",IF(AX62<>"","Kontrak VI",IF(AU62<>"","Kontrak V",IF(AR62<>"","Kontrak IV",IF(AO62<>"","Kontrak III",IF(AL62<>"","Kontrak II",IF(AI62<>"","Kontrak I",""))))))))) -> Tetap | H62: =IF(G62="Tetap","",IF(BA62<>"",BB62,IF(AX62<>"",AY62,IF(AU62<>"",AV62,IF(AR62<>"",AS62,IF(AO62<>"",AP62,IF(AL62<>"",AM62,IF(AI62<>"",AJ62,"")))))))) | K62: Kab. Asahan | L62: 1209232802730001 | M62: 1209231803100024 | N62: Islam | O62: Prabumulih | P62: 26358 | Q62: =IF(P62="","",(DATEDIF(P62,TODAY(),"Y"))) -> 54 | R62: Dusun II, RT 000 / RW 000, Desa Sei Kamah II, Kecamatan Sei Dadap, Kabupaten Asahan | S62: L | T62: Kawin | U62: K03 | V62: SMA | Y62: 0812-6429-9351 | Z62: 588065593 | AA62: 1209232802730001 | AB62: Heru78106@gamil.com | AC62: Dari GBP 09 Sep 2024 | AI62: 43080 | AK62: =IF(AJ62="","",(DATEDIF(AI62,AJ62,"M")+1)) | AN62: =IF(AM62="","",(DATEDIF(AL62,AM62,"M")+1)) | AQ62: =IF(AP62="","",(DATEDIF(AO62,AP62,"M")+1)) | AT62: =IF(AS62="","",(DATEDIF(AR62,AS62,"M")+1)) | AW62: =IF(AV62="","",(DATEDIF(AU62,AV62,"M")+1)) | AZ62: =IF(AY62="","",(DATEDIF(AX62,AY62,"M")+1)) | BC62: =IF(BB62="","",(DATEDIF(BA62,BB62,"M")+1)) | BD62: =IF(G62="Tetap","",IF(BA62<>"",BA62,IF(AX62<>"",AX62,IF(AU62<>"",AU62,IF(AR62<>"",AR62,IF(AO62<>"",AO62,IF(AL62<>"",AL62,IF(AI62<>"",AI62,"")))))))) | BE62: =IF($AI62="","0",(DATEDIF($AI62,TODAY(),"Y"))) -> 8 | BF62: =IF($AI62="","",(DATEDIF($AI62,TODAY(),"YM"))) -> 9 | BG62: =IF($AI62="","",(DATEDIF($AI62,TODAY(),"MD"))) -> 22
A63: =A62+1 -> 2 | B63: 55055 | C63: A07002 | D63: PS1S | E63: RUDI KURNIAWAN | F63: Sales Executive (Dropping) | G63: =IF(AI63="","Perekrutan",IF(BE63>4,"Tetap",IF(BA63<>"","Kontrak VII",IF(AX63<>"","Kontrak VI",IF(AU63<>"","Kontrak V",IF(AR63<>"","Kontrak IV",IF(AO63<>"","Kontrak III",IF(AL63<>"","Kontrak II",IF(AI63<>"","Kontrak I",""))))))))) -> Tetap | H63: =IF(G63="Tetap","",IF(BA63<>"",BB63,IF(AX63<>"",AY63,IF(AU63<>"",AV63,IF(AR63<>"",AS63,IF(AO63<>"",AP63,IF(AL63<>"",AM63,IF(AI63<>"",AJ63,"")))))))) | I63: A | J63: 9 | K63: P. Siantar | L63: 1276020101840001 | M63: 1276021604150002 | N63: Islam | O63: Tebing Tinggi | P63: 30682 | Q63: =IF(P63="","",(DATEDIF(P63,TODAY(),"Y"))) -> 42 | R63: Jl. Naga Tujuh, RT 001 / RW 002, Kelurahan Naga Pita, Kecamatan Siantar Martoba, Kota Pematangsiantar | S63: L | T63: Kawin | U63: K02 | V63: SMK | Y63: 0822-7436-5011 | Z63: 834410645 | AA63: 1276020101840001 | AB63: rudi65826@gamil.com | AC63: 10 Jan - 10 Apr 2011 | AD63: 10 Apr - 01 Mei 2011 | AI63: 40665 | AJ63: 40757 | AK63: =IF(AJ63="","",(DATEDIF(AI63,AJ63,"M")+1)) -> 4 | AL63: 03 Agus 11 - 03 Agus 2012 | AN63: =IF(AM63="","",(DATEDIF(AL63,AM63,"M")+1)) | AQ63: =IF(AP63="","",(DATEDIF(AO63,AP63,"M")+1)) | AT63: =IF(AS63="","",(DATEDIF(AR63,AS63,"M")+1)) | AW63: =IF(AV63="","",(DATEDIF(AU63,AV63,"M")+1)) | AZ63: =IF(AY63="","",(DATEDIF(AX63,AY63,"M")+1)) | BC63: =IF(BB63="","",(DATEDIF(BA63,BB63,"M")+1)) | BD63: =IF(G63="Tetap","",IF(BA63<>"",BA63,IF(AX63<>"",AX63,IF(AU63<>"",AU63,IF(AR63<>"",AR63,IF(AO63<>"",AO63,IF(AL63<>"",AL63,IF(AI63<>"",AI63,"")))))))) | BE63: =IF($AI63="","0",(DATEDIF($AI63,TODAY(),"Y"))) -> 15 | BF63: =IF($AI63="","",(DATEDIF($AI63,TODAY(),"YM"))) -> 5 | BG63: =IF($AI63="","",(DATEDIF($AI63,TODAY(),"MD"))) -> 1
A64: =A63+1 -> 3 | B64: 55056 | C64: A07003 | D64: PS1S | E64: HIQBAL MUHAMMAD SUEB | F64: Sales Executive (Dropping) | G64: =IF(AI64="","Perekrutan",IF(BE64>4,"Tetap",IF(BA64<>"","Kontrak VII",IF(AX64<>"","Kontrak VI",IF(AU64<>"","Kontrak V",IF(AR64<>"","Kontrak IV",IF(AO64<>"","Kontrak III",IF(AL64<>"","Kontrak II",IF(AI64<>"","Kontrak I",""))))))))) -> Kontrak IV | H64: =IF(G64="Tetap","",IF(BA64<>"",BB64,IF(AX64<>"",AY64,IF(AU64<>"",AV64,IF(AR64<>"",AS64,IF(AO64<>"",AP64,IF(AL64<>"",AM64,IF(AI64<>"",AJ64,"")))))))) -> 46418 | I64: A | J64: 9 | K64: P. Siantar | L64: 1207220105950003 | M64: 1207221509091182 | N64: Islam | O64: Jakarta | P64: 34820 | Q64: =IF(P64="","",(DATEDIF(P64,TODAY(),"Y"))) -> 31 | R64: Jl Kasih Dsn II, RT 004 / RW 002, Desa Kedai Durian, Kecamatan Deli Tua, Kabupaten Deli Serdang | S64: L | T64: Belum Kawin | U64: TK00 | V64: SMK | Y64: 0821-2244-37783 | Z64: 1856367026 | AA64: 1207220105950003 | AB64: Hiqbalmuhammad123@gmail.com | AC64: Freelance | AI64: 45689 | AJ64: 45808 | AK64: =IF(AJ64="","",(DATEDIF(AI64,AJ64,"M")+1)) -> 4 | AL64: 45809 | AM64: 45930 | AN64: =IF(AM64="","",(DATEDIF(AL64,AM64,"M")+1)) -> 4 | AO64: 45931 | AP64: 46053 | AQ64: =IF(AP64="","",(DATEDIF(AO64,AP64,"M")+1)) -> 4 | AR64: 46054 | AS64: 46418 | AT64: =IF(AS64="","",(DATEDIF(AR64,AS64,"M")+1)) -> 12 | AW64: =IF(AV64="","",(DATEDIF(AU64,AV64,"M")+1)) | AZ64: =IF(AY64="","",(DATEDIF(AX64,AY64,"M")+1)) | BC64: =IF(BB64="","",(DATEDIF(BA64,BB64,"M")+1)) | BD64: =IF(G64="Tetap","",IF(BA64<>"",BA64,IF(AX64<>"",AX64,IF(AU64<>"",AU64,IF(AR64<>"",AR64,IF(AO64<>"",AO64,IF(AL64<>"",AL64,IF(AI64<>"",AI64,"")))))))) -> 46054 | BE64: =IF($AI64="","0",(DATEDIF($AI64,TODAY(),"Y"))) -> 1 | BF64: =IF($AI64="","",(DATEDIF($AI64,TODAY(),"YM"))) -> 8 | BG64: =IF($AI64="","",(DATEDIF($AI64,TODAY(),"MD"))) -> 2
A65: =A64+1 -> 4 | B65: 55057 | C65: A07004 | D65: PS1S | E65: LINA MAWARNI | F65: Administrasi Penjualan & Gudang (Kecil) Area | G65: =IF(AI65="","Perekrutan",IF(BE65>4,"Tetap",IF(BA65<>"","Kontrak VII",IF(AX65<>"","Kontrak VI",IF(AU65<>"","Kontrak V",IF(AR65<>"","Kontrak IV",IF(AO65<>"","Kontrak III",IF(AL65<>"","Kontrak II",IF(AI65<>"","Kontrak I",""))))))))) -> Kontrak IV | H65: =IF(G65="Tetap","",IF(BA65<>"",BB65,IF(AX65<>"",AY65,IF(AU65<>"",AV65,IF(AR65<>"",AS65,IF(AO65<>"",AP65,IF(AL65<>"",AM65,IF(AI65<>"",AJ65,"")))))))) -> 46477 | I65: A | J65: 3 | K65: P.Siantar (1) | L65: 1208174411920001 | M65: 1208011102220001 | N65: Islam | O65: Simalungun | P65: 33912 | Q65: =IF(P65="","",(DATEDIF(P65,TODAY(),"Y"))) -> 33 | R65: Huta II Karang Bangun, RT 000 / RW 000, Desa Karang Bangun, Kecamatan Siantar, Kabupaten Simalungun | S65: P | T65: Kawin | U65: K02 | V65: SMA | Y65: 0822-7626-6466 | Z65: 1924095180 | AA65: 1208174411920001 | AB65: linamawarni205@gamil.com | AC65: 09 - 30 Apr 2025 | AI65: 45778 | AJ65: 45900 | AK65: =IF(AJ65="","",(DATEDIF(AI65,AJ65,"M")+1)) -> 4 | AL65: 45901 | AM65: 46022 | AN65: =IF(AM65="","",(DATEDIF(AL65,AM65,"M")+1)) -> 4 | AO65: 45992 | AP65: 46112 | AQ65: =IF(AP65="","",(DATEDIF(AO65,AP65,"M")+1)) -> 4 | AR65: 46113 | AS65: 46477 | AT65: =IF(AS65="","",(DATEDIF(AR65,AS65,"M")+1)) -> 12 | AW65: =IF(AV65="","",(DATEDIF(AU65,AV65,"M")+1)) | AZ65: =IF(AY65="","",(DATEDIF(AX65,AY65,"M")+1)) | BC65: =IF(BB65="","",(DATEDIF(BA65,BB65,"M")+1)) | BD65: =IF(G65="Tetap","",IF(BA65<>"",BA65,IF(AX65<>"",AX65,IF(AU65<>"",AU65,IF(AR65<>"",AR65,IF(AO65<>"",AO65,IF(AL65<>"",AL65,IF(AI65<>"",AI65,"")))))))) -> 46113 | BE65: =IF($AI65="","0",(DATEDIF($AI65,TODAY(),"Y"))) -> 1 | BF65: =IF($AI65="","",(DATEDIF($AI65,TODAY(),"YM"))) -> 5 | BG65: =IF($AI65="","",(DATEDIF($AI65,TODAY(),"MD"))) -> 2
A66: =A65+1 -> 5 | B66: 55058 | C66: A07005 | D66: PS1S | E66: RIANTO | F66: Sales | G66: =IF(AI66="","Perekrutan",IF(BE66>4,"Tetap",IF(BA66<>"","Kontrak VII",IF(AX66<>"","Kontrak VI",IF(AU66<>"","Kontrak V",IF(AR66<>"","Kontrak IV",IF(AO66<>"","Kontrak III",IF(AL66<>"","Kontrak II",IF(AI66<>"","Kontrak I",""))))))))) -> Tetap | H66: =IF(G66="Tetap","",IF(BA66<>"",BB66,IF(AX66<>"",AY66,IF(AU66<>"",AV66,IF(AR66<>"",AS66,IF(AO66<>"",AP66,IF(AL66<>"",AM66,IF(AI66<>"",AJ66,"")))))))) | I66: A | J66: 3 | K66: P.Siantar (1) | L66: 1272070608800004 | M66: 1272070309073317 | N66: Islam | O66: P.Siantar | P66: 29439 | Q66: =IF(P66="","",(DATEDIF(P66,TODAY(),"Y"))) -> 46 | R66: Jl. Sibatu - Batu Gg. Masjid, RT 004 / RW 002 Desa Bah Kapul Kec. Siantar Sitalasari Kota Pematangsiantar Sumut | S66: L | T66: Kawin | U66: K02 | V66: SMP | Y66: 0823-6148-5800 | Z66: 700026182 | AA66: 1272070608800004 | AB66: ra810498@gmail.com | AC66: Dari GBP 09 Apr 2025 | AI66: 43230 | AK66: =IF(AJ66="","",(DATEDIF(AI66,AJ66,"M")+1)) | AN66: =IF(AM66="","",(DATEDIF(AL66,AM66,"M")+1)) | AQ66: =IF(AP66="","",(DATEDIF(AO66,AP66,"M")+1)) | AT66: =IF(AS66="","",(DATEDIF(AR66,AS66,"M")+1)) | AW66: =IF(AV66="","",(DATEDIF(AU66,AV66,"M")+1)) | AZ66: =IF(AY66="","",(DATEDIF(AX66,AY66,"M")+1)) | BC66: =IF(BB66="","",(DATEDIF(BA66,BB66,"M")+1)) | BD66: =IF(G66="Tetap","",IF(BA66<>"",BA66,IF(AX66<>"",AX66,IF(AU66<>"",AU66,IF(AR66<>"",AR66,IF(AO66<>"",AO66,IF(AL66<>"",AL66,IF(AI66<>"",AI66,"")))))))) | BE66: =IF($AI66="","0",(DATEDIF($AI66,TODAY(),"Y"))) -> 8 | BF66: =IF($AI66="","",(DATEDIF($AI66,TODAY(),"YM"))) -> 4 | BG66: =IF($AI66="","",(DATEDIF($AI66,TODAY(),"MD"))) -> 23
A67: =A66+1 -> 6 | B67: 55059 | C67: A07006 | D67: PS1S | E67: MUHAMMAD ALI | F67: Sales | G67: =IF(AI67="","Perekrutan",IF(BE67>4,"Tetap",IF(BA67<>"","Kontrak VII",IF(AX67<>"","Kontrak VI",IF(AU67<>"","Kontrak V",IF(AR67<>"","Kontrak IV",IF(AO67<>"","Kontrak III",IF(AL67<>"","Kontrak II",IF(AI67<>"","Kontrak I",""))))))))) -> Kontrak IV | H67: =IF(G67="Tetap","",IF(BA67<>"",BB67,IF(AX67<>"",AY67,IF(AU67<>"",AV67,IF(AR67<>"",AS67,IF(AO67<>"",AP67,IF(AL67<>"",AM67,IF(AI67<>"",AJ67,"")))))))) -> 46599 | I67: A | J67: 3 | K67: P.Siantar (1) | L67: 1208061710050001 | M67: 120806061060002 | N67: Islam | O67: Medan | P67: 38642 | Q67: =IF(P67="","",(DATEDIF(P67,TODAY(),"Y"))) -> 20 | R67: Sibungabunga, RT 000 / RW 000, Desa Sibunga Bunga, Kecamatan Jorlang Hataran, Kabupaten Simalungun | S67: L | T67: Belum Kawin | U67: TK00 | V67: SMK | Y67: 0838-9836-6583 | Z67: 1921840651 | AA67: 1208061710050001 | AB67: muhammadali17102005@gamil.com | AC67: Freelance | AI67: 45871 | AJ67: 45991 | AK67: =IF(AJ67="","",(DATEDIF(AI67,AJ67,"M")+1)) -> 4 | AL67: 45992 | AM67: 46112 | AN67: =IF(AM67="","",(DATEDIF(AL67,AM67,"M")+1)) -> 4 | AO67: 46113 | AP67: 46234 | AQ67: =IF(AP67="","",(DATEDIF(AO67,AP67,"M")+1)) -> 4 | AR67: 46235 | AS67: 46599 | AT67: =IF(AS67="","",(DATEDIF(AR67,AS67,"M")+1)) -> 12 | AW67: =IF(AV67="","",(DATEDIF(AU67,AV67,"M")+1)) | AZ67: =IF(AY67="","",(DATEDIF(AX67,AY67,"M")+1)) | BC67: =IF(BB67="","",(DATEDIF(BA67,BB67,"M")+1)) | BD67: =IF(G67="Tetap","",IF(BA67<>"",BA67,IF(AX67<>"",AX67,IF(AU67<>"",AU67,IF(AR67<>"",AR67,IF(AO67<>"",AO67,IF(AL67<>"",AL67,IF(AI67<>"",AI67,"")))))))) -> 46235 | BE67: =IF($AI67="","0",(DATEDIF($AI67,TODAY(),"Y"))) -> 1 | BF67: =IF($AI67="","",(DATEDIF($AI67,TODAY(),"YM"))) -> 2 | BG67: =IF($AI67="","",(DATEDIF($AI67,TODAY(),"MD"))) -> 1
A68: =A67+1 -> 7 | D68: PS1S | E68: DODY SETIAWAN | F68: Sales | G68: Kontrak III | H68: 46295 | I68: A | J68: 3 | K68: P.Siantar (1) | L68: 1272071310780001 | M68: 1272072209150002 | N68: Islam | O68: Pematangsiantar | P68: 28794 | Q68: 47 | R68: Jl. Tomong No. 8, RT 002 / RW 001, Kelurahan Bukit Sofa, Kecamatan Siantar Sitalasari, Kota Pematangsiantar | S68: L | T68: Cerai Hidup | U68: K01 | V68: MAN | Y68: 0822-5835-2432 | Z68: 1947052309 | AA68: 1272071310780001 | AB68: dodisetiawan34679@gmail.com | AC68: Sales Lepas | AI68: 45922 | AJ68: 46053 | AK68: 5 | AL68: 46054 | AM68: 46173 | AN68: 4 | AO68: 46174 | AP68: 46295 | AQ68: 4 | AW68: =IF(AV68="","",(DATEDIF(AU68,AV68,"M")+1)) | AZ68: =IF(AY68="","",(DATEDIF(AX68,AY68,"M")+1)) | BC68: =IF(BB68="","",(DATEDIF(BA68,BB68,"M")+1)) | BD68: =IF(G68="Tetap","",IF(BA68<>"",BA68,IF(AX68<>"",AX68,IF(AU68<>"",AU68,IF(AR68<>"",AR68,IF(AO68<>"",AO68,IF(AL68<>"",AL68,IF(AI68<>"",AI68,"")))))))) -> 46174 | BE68: =IF($AI68="","0",(DATEDIF($AI68,TODAY(),"Y"))) -> 1 | BF68: =IF($AI68="","",(DATEDIF($AI68,TODAY(),"YM"))) -> 0 | BG68: =IF($AI68="","",(DATEDIF($AI68,TODAY(),"MD"))) -> 11
A69: =A68+1 -> 8 | B69: 55060 | C69: A07007 | D69: PS1S | E69: FERRY IRAWAN | F69: Sales | G69: =IF(AI69="","Perekrutan",IF(BE69>4,"Tetap",IF(BA69<>"","Kontrak VII",IF(AX69<>"","Kontrak VI",IF(AU69<>"","Kontrak V",IF(AR69<>"","Kontrak IV",IF(AO69<>"","Kontrak III",IF(AL69<>"","Kontrak II",IF(AI69<>"","Kontrak I",""))))))))) -> Kontrak IV | H69: =IF(G69="Tetap","",IF(BA69<>"",BB69,IF(AX69<>"",AY69,IF(AU69<>"",AV69,IF(AR69<>"",AS69,IF(AO69<>"",AP69,IF(AL69<>"",AM69,IF(AI69<>"",AJ69,"")))))))) -> 46599 | I69: A | J69: 3 | K69: P.Siantar (1) | L69: 1272072502770005 | M69: 1272071103080001 | N69: Islam | O69: Pematangsiantar | P69: 28181 | Q69: =IF(P69="","",(DATEDIF(P69,TODAY(),"Y"))) -> 49 | R69: Jl. Tomang No. 08, RT 002 / RW 001, Kelutahan Bukit Sofa, Kecamatan Siantar Sitalasari, Kota Pematangsiantar | S69: L | T69: Kawin | U69: K04 | V69: SMA | Y69: 0813-7702-0277 | Z69: 1924542696 | AA69: 1272072502770005 | AB69: Ferryhirawan4@gmail.com | AC69: Freelance | AI69: 45871 | AJ69: 45991 | AK69: =IF(AJ69="","",(DATEDIF(AI69,AJ69,"M")+1)) -> 4 | AL69: 45992 | AM69: 46112 | AN69: =IF(AM69="","",(DATEDIF(AL69,AM69,"M")+1)) -> 4 | AO69: 46113 | AP69: 46234 | AQ69: =IF(AP69="","",(DATEDIF(AO69,AP69,"M")+1)) -> 4 | AR69: 46235 | AS69: 46599 | AT69: =IF(AS69="","",(DATEDIF(AR69,AS69,"M")+1)) -> 12 | AW69: =IF(AV69="","",(DATEDIF(AU69,AV69,"M")+1)) | AZ69: =IF(AY69="","",(DATEDIF(AX69,AY69,"M")+1)) | BC69: =IF(BB69="","",(DATEDIF(BA69,BB69,"M")+1)) | BD69: =IF(G69="Tetap","",IF(BA69<>"",BA69,IF(AX69<>"",AX69,IF(AU69<>"",AU69,IF(AR69<>"",AR69,IF(AO69<>"",AO69,IF(AL69<>"",AL69,IF(AI69<>"",AI69,"")))))))) -> 46235 | BE69: =IF($AI69="","0",(DATEDIF($AI69,TODAY(),"Y"))) -> 1 | BF69: =IF($AI69="","",(DATEDIF($AI69,TODAY(),"YM"))) -> 2 | BG69: =IF($AI69="","",(DATEDIF($AI69,TODAY(),"MD"))) -> 1
A70: =A69+1 -> 9 | B70: 55061 | C70: A07008 | D70: PS1S | E70: KOKO HARDINATA | F70: Sales | G70: =IF(AI70="","Perekrutan",IF(BE70>4,"Tetap",IF(BA70<>"","Kontrak VII",IF(AX70<>"","Kontrak VI",IF(AU70<>"","Kontrak V",IF(AR70<>"","Kontrak IV",IF(AO70<>"","Kontrak III",IF(AL70<>"","Kontrak II",IF(AI70<>"","Kontrak I",""))))))))) -> Kontrak IV | H70: =IF(G70="Tetap","",IF(BA70<>"",BB70,IF(AX70<>"",AY70,IF(AU70<>"",AV70,IF(AR70<>"",AS70,IF(AO70<>"",AP70,IF(AL70<>"",AM70,IF(AI70<>"",AJ70,"")))))))) -> 46660 | I70: A | J70: 3 | K70: P.Siantar (1) | L70: 1218040110910001 | M70: 12180401509170001 | N70: Islam | O70: Rampah Kiri | P70: 33512 | Q70: =IF(P70="","",(DATEDIF(P70,TODAY(),"Y"))) -> 35 | R70: Dusun II, RT 000 / RW 000, Desa Pematang Ganjang, Kecamatan Sei Rampah, Kabupaten Serdang Bedagai | S70: L | T70: Kawin | U70: K01 | V70: SMK | Y70: 0896-9986-1641 | Z70: 1918431337 | AA70: 1218040110910001 | AB70: kokohardinata838@gamil.com | AC70: Sales Lepas | AI70: 45916 | AJ70: 46053 | AK70: =IF(AJ70="","",(DATEDIF(AI70,AJ70,"M")+1)) -> 5 | AL70: 46054 | AM70: 46173 | AN70: =IF(AM70="","",(DATEDIF(AL70,AM70,"M")+1)) -> 4 | AO70: 46174 | AP70: 46295 | AQ70: =IF(AP70="","",(DATEDIF(AO70,AP70,"M")+1)) -> 4 | AR70: 46296 | AS70: 46660 | AT70: =IF(AS70="","",(DATEDIF(AR70,AS70,"M")+1)) -> 12 | AW70: =IF(AV70="","",(DATEDIF(AU70,AV70,"M")+1)) | AZ70: =IF(AY70="","",(DATEDIF(AX70,AY70,"M")+1)) | BC70: =IF(BB70="","",(DATEDIF(BA70,BB70,"M")+1)) | BD70: =IF(G70="Tetap","",IF(BA70<>"",BA70,IF(AX70<>"",AX70,IF(AU70<>"",AU70,IF(AR70<>"",AR70,IF(AO70<>"",AO70,IF(AL70<>"",AL70,IF(AI70<>"",AI70,"")))))))) -> 46296 | BE70: =IF($AI70="","0",(DATEDIF($AI70,TODAY(),"Y"))) -> 1 | BF70: =IF($AI70="","",(DATEDIF($AI70,TODAY(),"YM"))) -> 0 | BG70: =IF($AI70="","",(DATEDIF($AI70,TODAY(),"MD"))) -> 17
A71: =A70+1 -> 10 | B71: 55062 | C71: A07009 | D71: PS1S | E71: AMAN LESMANA SIMBOLON | F71: Sales | G71: =IF(AI71="","Perekrutan",IF(BE71>4,"Tetap",IF(BA71<>"","Kontrak VII",IF(AX71<>"","Kontrak VI",IF(AU71<>"","Kontrak V",IF(AR71<>"","Kontrak IV",IF(AO71<>"","Kontrak III",IF(AL71<>"","Kontrak II",IF(AI71<>"","Kontrak I",""))))))))) -> Kontrak IV | H71: =IF(G71="Tetap","",IF(BA71<>"",BB71,IF(AX71<>"",AY71,IF(AU71<>"",AV71,IF(AR71<>"",AS71,IF(AO71<>"",AP71,IF(AL71<>"",AM71,IF(AI71<>"",AJ71,"")))))))) -> 46660 | I71: A | J71: 3 | K71: P.Siantar (1) | L71: 1207232201900001 | M71: 1207230507230015 | N71: Islam | O71: Medan | P71: 32895 | Q71: =IF(P71="","",(DATEDIF(P71,TODAY(),"Y"))) -> 36 | R71: Dusun XIII Pondok Miri, RT 042 / RW 018, Desa Sei Semayang, Kecamatan Sunggal, Kabupaten Deli Serdang | S71: L | T71: Kawin | U71: K02 | V71: D3 Teknik Sipil | Y71: 0812-6361-1443 | Z71: 1921054395 | AA71: 1207232201900001 | AB71: assimbolon4@gmail.com | AC71: Sales Lepas | AI71: 45916 | AJ71: 46053 | AK71: =IF(AJ71="","",(DATEDIF(AI71,AJ71,"M")+1)) -> 5 | AL71: 46054 | AM71: 46173 | AN71: =IF(AM71="","",(DATEDIF(AL71,AM71,"M")+1)) -> 4 | AO71: 46174 | AP71: 46295 | AQ71: =IF(AP71="","",(DATEDIF(AO71,AP71,"M")+1)) -> 4 | AR71: 46296 | AS71: 46660 | AT71: =IF(AS71="","",(DATEDIF(AR71,AS71,"M")+1)) -> 12 | AW71: =IF(AV71="","",(DATEDIF(AU71,AV71,"M")+1)) | AZ71: =IF(AY71="","",(DATEDIF(AX71,AY71,"M")+1)) | BC71: =IF(BB71="","",(DATEDIF(BA71,BB71,"M")+1)) | BD71: =IF(G71="Tetap","",IF(BA71<>"",BA71,IF(AX71<>"",AX71,IF(AU71<>"",AU71,IF(AR71<>"",AR71,IF(AO71<>"",AO71,IF(AL71<>"",AL71,IF(AI71<>"",AI71,"")))))))) -> 46296 | BE71: =IF($AI71="","0",(DATEDIF($AI71,TODAY(),"Y"))) -> 1 | BF71: =IF($AI71="","",(DATEDIF($AI71,TODAY(),"YM"))) -> 0 | BG71: =IF($AI71="","",(DATEDIF($AI71,TODAY(),"MD"))) -> 17
A72: =A71+1 -> 11 | B72: 55064 | C72: A07011 | D72: PS1S | E72: WAGITO | F72: Sopir | G72: =IF(AI72="","Perekrutan",IF(BE72>4,"Tetap",IF(BA72<>"","Kontrak VII",IF(AX72<>"","Kontrak VI",IF(AU72<>"","Kontrak V",IF(AR72<>"","Kontrak IV",IF(AO72<>"","Kontrak III",IF(AL72<>"","Kontrak II",IF(AI72<>"","Kontrak I",""))))))))) -> Tetap | H72: =IF(G72="Tetap","",IF(BA72<>"",BB72,IF(AX72<>"",AY72,IF(AU72<>"",AV72,IF(AR72<>"",AS72,IF(AO72<>"",AP72,IF(AL72<>"",AM72,IF(AI72<>"",AJ72,"")))))))) | I72: - | J72: - | K72: P.Siantar (1) | L72: 1208110911790001 | M72: 1208112204080838 | N72: Islam | O72: Kasinder | P72: 29168 | Q72: =IF(P72="","",(DATEDIF(P72,TODAY(),"Y"))) -> 46 | R72: Manik Huluan, RT 000 / RW 000, Desa Sait Buttu Saribu, Kecamatan Pamatang Sidamanik, Kabupaten Simalungun | S72: L | T72: Kawin | U72: K02 | V72: SMP | Y72: 0822-9905-8454 | Z72: 450106311 | AA72: 1208110911790001 | AB72: Wagito9695@gmail.com | AC72: Dari GBP 09 Apr 2025 | AI72: 41961 | AK72: =IF(AJ72="","",(DATEDIF(AI72,AJ72,"M")+1)) | AN72: =IF(AM72="","",(DATEDIF(AL72,AM72,"M")+1)) | AQ72: =IF(AP72="","",(DATEDIF(AO72,AP72,"M")+1)) | AT72: =IF(AS72="","",(DATEDIF(AR72,AS72,"M")+1)) | AW72: =IF(AV72="","",(DATEDIF(AU72,AV72,"M")+1)) | AZ72: =IF(AY72="","",(DATEDIF(AX72,AY72,"M")+1)) | BC72: =IF(BB72="","",(DATEDIF(BA72,BB72,"M")+1)) | BD72: =IF(G72="Tetap","",IF(BA72<>"",BA72,IF(AX72<>"",AX72,IF(AU72<>"",AU72,IF(AR72<>"",AR72,IF(AO72<>"",AO72,IF(AL72<>"",AL72,IF(AI72<>"",AI72,"")))))))) | BE72: =IF($AI72="","0",(DATEDIF($AI72,TODAY(),"Y"))) -> 11 | BF72: =IF($AI72="","",(DATEDIF($AI72,TODAY(),"YM"))) -> 10 | BG72: =IF($AI72="","",(DATEDIF($AI72,TODAY(),"MD"))) -> 15
A73: =A72+1 -> 12 | B73: 55065 | C73: A07012 | D73: PS1S | E73: SUPRIADI CIPTO | F73: Sopir | G73: =IF(AI73="","Perekrutan",IF(BE73>4,"Tetap",IF(BA73<>"","Kontrak VII",IF(AX73<>"","Kontrak VI",IF(AU73<>"","Kontrak V",IF(AR73<>"","Kontrak IV",IF(AO73<>"","Kontrak III",IF(AL73<>"","Kontrak II",IF(AI73<>"","Kontrak I",""))))))))) -> Kontrak I | H73: =IF(G73="Tetap","",IF(BA73<>"",BB73,IF(AX73<>"",AY73,IF(AU73<>"",AV73,IF(AR73<>"",AS73,IF(AO73<>"",AP73,IF(AL73<>"",AM73,IF(AI73<>"",AJ73,"")))))))) -> 46387 | I73: A | J73: - | K73: P. Siantar (1) | L73: 1276020109830001 | M73: 1276012511140005 | N73: Islam | O73: Tebing Tinggi | P73: 30560 | Q73: =IF(P73="","",(DATEDIF(P73,TODAY(),"Y"))) -> 43 | R73: Jl. Pulau Sumatera LK. III, RT 000 / RW 000, Kelurahan Tualang, Kecamatan Padang Hulu, Kota Tebing Tinggi | S73: L | T73: Kawin | U73: K02 | V73: SMK | Y73: 0852-6176-3124 | Z73: 1983254799 | AB73: adi.adi12870@gmail.com | AC73: 02 - 26 Juni 2026 | AD73: 27 Juni - 21 Juli 2026 | AE73: 22 Juli - 13 Agust 2026 | AI73: 46252 | AJ73: 46387 | AK73: =IF(AJ73="","",(DATEDIF(AI73,AJ73,"M")+1)) -> 5 | AW73: =IF(AV73="","",(DATEDIF(AU73,AV73,"M")+1)) | AZ73: =IF(AY73="","",(DATEDIF(AX73,AY73,"M")+1)) | BC73: =IF(BB73="","",(DATEDIF(BA73,BB73,"M")+1)) | BD73: =IF(G73="Tetap","",IF(BA73<>"",BA73,IF(AX73<>"",AX73,IF(AU73<>"",AU73,IF(AR73<>"",AR73,IF(AO73<>"",AO73,IF(AL73<>"",AL73,IF(AI73<>"",AI73,"")))))))) -> 46252 | BE73: =IF($AI73="","0",(DATEDIF($AI73,TODAY(),"Y"))) -> 0 | BF73: =IF($AI73="","",(DATEDIF($AI73,TODAY(),"YM"))) -> 1 | BG73: =IF($AI73="","",(DATEDIF($AI73,TODAY(),"MD"))) -> 15
A74: 1 | B74: 55066 | C74: A08001 | D74: TTU | E74: MESLAN | F74: Kepala Area | G74: =IF(AI74="","Perekrutan",IF(BE74>4,"Tetap",IF(BA74<>"","Kontrak VII",IF(AX74<>"","Kontrak VI",IF(AU74<>"","Kontrak V",IF(AR74<>"","Kontrak IV",IF(AO74<>"","Kontrak III",IF(AL74<>"","Kontrak II",IF(AI74<>"","Kontrak I",""))))))))) -> Tetap | H74: =IF(G74="Tetap","",IF(BA74<>"",BB74,IF(AX74<>"",AY74,IF(AU74<>"",AV74,IF(AR74<>"",AS74,IF(AO74<>"",AP74,IF(AL74<>"",AM74,IF(AI74<>"",AJ74,"")))))))) | K74: Kab. Labuhanbatu | L74: 1210010710840007 | N74: Islam | O74: Suka Ramai | P74: 30962 | Q74: =IF(P74="","",(DATEDIF(P74,TODAY(),"Y"))) -> 41 | R74: Linkg. Bandar Selamat I RT 001 RW 001 Desa Pulo Padang, Kec. Rantau Utara, Kab. Labuhanbatu | S74: L | T74: Kawin | U74: K03 | V74: D3 Komputer | Z74: 839937030 | AA74: 570676148116000 | AC74: Dari GBP 09 Sep 2024 | AI74: 43675 | AJ74: 09 Sep 24 - 31 Jan 2025 (29 Jul 2019 ) | AK74: =IF(AJ74="","",(DATEDIF(AI74,AJ74,"M")+1)) -> #VALUE! | AN74: =IF(AM74="","",(DATEDIF(AL74,AM74,"M")+1)) | AQ74: =IF(AP74="","",(DATEDIF(AO74,AP74,"M")+1)) | AT74: =IF(AS74="","",(DATEDIF(AR74,AS74,"M")+1)) | AW74: =IF(AV74="","",(DATEDIF(AU74,AV74,"M")+1)) | AZ74: =IF(AY74="","",(DATEDIF(AX74,AY74,"M")+1)) | BC74: =IF(BB74="","",(DATEDIF(BA74,BB74,"M")+1)) | BD74: =IF(G74="Tetap","",IF(BA74<>"",BA74,IF(AX74<>"",AX74,IF(AU74<>"",AU74,IF(AR74<>"",AR74,IF(AO74<>"",AO74,IF(AL74<>"",AL74,IF(AI74<>"",AI74,"")))))))) | BE74: =IF($AI74="","0",(DATEDIF($AI74,TODAY(),"Y"))) -> 7 | BF74: =IF($AI74="","",(DATEDIF($AI74,TODAY(),"YM"))) -> 2 | BG74: =IF($AI74="","",(DATEDIF($AI74,TODAY(),"MD"))) -> 4
A75: =A74+1 -> 2 | B75: 55067 | C75: A08002 | D75: TTU | E75: PUTRI TRESIA MANURUNG | F75: Administrasi Penjualan & Gudang (Kecil) Area | G75: =IF(AI75="","Perekrutan",IF(BE75>4,"Tetap",IF(BA75<>"","Kontrak VII",IF(AX75<>"","Kontrak VI",IF(AU75<>"","Kontrak V",IF(AR75<>"","Kontrak IV",IF(AO75<>"","Kontrak III",IF(AL75<>"","Kontrak II",IF(AI75<>"","Kontrak I",""))))))))) -> Kontrak V | H75: =IF(G75="Tetap","",IF(BA75<>"",BB75,IF(AX75<>"",AY75,IF(AU75<>"",AV75,IF(AR75<>"",AS75,IF(AO75<>"",AP75,IF(AL75<>"",AM75,IF(AI75<>"",AJ75,"")))))))) -> 46568 | I75: A | J75: 3 | K75: Kabupaten Toba | L75: 1212074808970002 | N75: Kristen | O75: Raut Bosi | P75: 35650 | Q75: =IF(P75="","",(DATEDIF(P75,TODAY(),"Y"))) -> 29 | R75: Raut Bosi RT / RW 000 Desa Raut Bosi Kec. Porsea Kab. Toba Samosir Sumatera Utara | S75: P | T75: Belum Kawin | U75: - | V75: S1 | Z75: 1640736986 | AA75: 400077475127000 | AC75: Freelance | AI75: 44986 | AJ75: 45107 | AK75: =IF(AJ75="","",(DATEDIF(AI75,AJ75,"M")+1)) -> 4 | AL75: 45108 | AM75: 45473 | AN75: =IF(AM75="","",(DATEDIF(AL75,AM75,"M")+1)) -> 12 | AO75: 45474 | AP75: 45838 | AQ75: =IF(AP75="","",(DATEDIF(AO75,AP75,"M")+1)) -> 12 | AR75: 45839 | AS75: 46203 | AT75: =IF(AS75="","",(DATEDIF(AR75,AS75,"M")+1)) -> 12 | AU75: 46204 | AV75: 46568 | AW75: =IF(AV75="","",(DATEDIF(AU75,AV75,"M")+1)) -> 12 | AZ75: =IF(AY75="","",(DATEDIF(AX75,AY75,"M")+1)) | BC75: =IF(BB75="","",(DATEDIF(BA75,BB75,"M")+1)) | BD75: =IF(G75="Tetap","",IF(BA75<>"",BA75,IF(AX75<>"",AX75,IF(AU75<>"",AU75,IF(AR75<>"",AR75,IF(AO75<>"",AO75,IF(AL75<>"",AL75,IF(AI75<>"",AI75,"")))))))) -> 46204 | BE75: =IF($AI75="","0",(DATEDIF($AI75,TODAY(),"Y"))) -> 3 | BF75: =IF($AI75="","",(DATEDIF($AI75,TODAY(),"YM"))) -> 7 | BG75: =IF($AI75="","",(DATEDIF($AI75,TODAY(),"MD"))) -> 2
A76: =A75+1 -> 3 | B76: 55068 | C76: A08003 | D76: TTU | E76: SAYFUL P. SIMORANGKIR | F76: Sales | G76: =IF(AI76="","Perekrutan",IF(BE76>4,"Tetap",IF(BA76<>"","Kontrak VII",IF(AX76<>"","Kontrak VI",IF(AU76<>"","Kontrak V",IF(AR76<>"","Kontrak IV",IF(AO76<>"","Kontrak III",IF(AL76<>"","Kontrak II",IF(AI76<>"","Kontrak I",""))))))))) -> Kontrak V | H76: =IF(G76="Tetap","",IF(BA76<>"",BB76,IF(AX76<>"",AY76,IF(AU76<>"",AV76,IF(AR76<>"",AS76,IF(AO76<>"",AP76,IF(AL76<>"",AM76,IF(AI76<>"",AJ76,"")))))))) -> 46660 | I76: A | J76: 3 | K76: Kabupaten Toba | L76: 2171110404849037 | N76: Kristen | O76: Balige | P76: 30776 | Q76: =IF(P76="","",(DATEDIF(P76,TODAY(),"Y"))) -> 42 | R76: Jln. Tandang Buhit, RT 000 / RW 000, Desa Pardede Onan, Kecamatan Balige, Kabupaten Toba | S76: L | T76: Kawin | U76: K01 | V76: S1 Hukum | Z76: 1825341378 | AA76: 163667678215000 | AC76: Freelance | AI76: 45048 | AJ76: 45199 | AK76: =IF(AJ76="","",(DATEDIF(AI76,AJ76,"M")+1)) -> 5 | AL76: 45200 | AM76: 45565 | AN76: =IF(AM76="","",(DATEDIF(AL76,AM76,"M")+1)) -> 12 | AO76: 45566 | AP76: 45930 | AQ76: =IF(AP76="","",(DATEDIF(AO76,AP76,"M")+1)) -> 12 | AR76: 45931 | AS76: 46295 | AT76: =IF(AS76="","",(DATEDIF(AR76,AS76,"M")+1)) -> 12 | AU76: 46296 | AV76: 46660 | AW76: =IF(AV76="","",(DATEDIF(AU76,AV76,"M")+1)) -> 12 | AZ76: =IF(AY76="","",(DATEDIF(AX76,AY76,"M")+1)) | BC76: =IF(BB76="","",(DATEDIF(BA76,BB76,"M")+1)) | BD76: =IF(G76="Tetap","",IF(BA76<>"",BA76,IF(AX76<>"",AX76,IF(AU76<>"",AU76,IF(AR76<>"",AR76,IF(AO76<>"",AO76,IF(AL76<>"",AL76,IF(AI76<>"",AI76,"")))))))) -> 46296 | BE76: =IF($AI76="","0",(DATEDIF($AI76,TODAY(),"Y"))) -> 3 | BF76: =IF($AI76="","",(DATEDIF($AI76,TODAY(),"YM"))) -> 5 | BG76: =IF($AI76="","",(DATEDIF($AI76,TODAY(),"MD"))) -> 1
A77: =A76+1 -> 4 | B77: 55069 | C77: A08004 | D77: TTU | E77: ANDRE TIVANO NAPITUPULU | F77: Sales | G77: =IF(AI77="","Perekrutan",IF(BE77>4,"Tetap",IF(BA77<>"","Kontrak VII",IF(AX77<>"","Kontrak VI",IF(AU77<>"","Kontrak V",IF(AR77<>"","Kontrak IV",IF(AO77<>"","Kontrak III",IF(AL77<>"","Kontrak II",IF(AI77<>"","Kontrak I",""))))))))) -> Kontrak IV | H77: =IF(G77="Tetap","",IF(BA77<>"",BB77,IF(AX77<>"",AY77,IF(AU77<>"",AV77,IF(AR77<>"",AS77,IF(AO77<>"",AP77,IF(AL77<>"",AM77,IF(AI77<>"",AJ77,"")))))))) -> 46630 | I77: A | J77: 3 | K77: Kabupaten Toba | L77: 1212012507990002 | N77: Islam | O77: Balige | P77: 36366 | Q77: =IF(P77="","",(DATEDIF(P77,TODAY(),"Y"))) -> 27 | R77: Sibolahotang Sas RT / RW 000 Desa Sibolahitang Sas Kec. Balige Kab. Toba Sumut | S77: L | T77: Belum Kawin | U77: - | V77: SMA | Z77: 1928640815 | AA77: 1212012507990002 | AC77: Sales Lepas | AI77: 45902 | AJ77: 46022 | AK77: =IF(AJ77="","",(DATEDIF(AI77,AJ77,"M")+1)) -> 4 | AL77: 46023 | AM77: 46142 | AN77: =IF(AM77="","",(DATEDIF(AL77,AM77,"M")+1)) -> 4 | AO77: 46143 | AP77: 46265 | AQ77: =IF(AP77="","",(DATEDIF(AO77,AP77,"M")+1)) -> 4 | AR77: 46266 | AS77: 46630 | AT77: =IF(AS77="","",(DATEDIF(AR77,AS77,"M")+1)) -> 12 | AW77: =IF(AV77="","",(DATEDIF(AU77,AV77,"M")+1)) | AZ77: =IF(AY77="","",(DATEDIF(AX77,AY77,"M")+1)) | BC77: =IF(BB77="","",(DATEDIF(BA77,BB77,"M")+1)) | BD77: =IF(G77="Tetap","",IF(BA77<>"",BA77,IF(AX77<>"",AX77,IF(AU77<>"",AU77,IF(AR77<>"",AR77,IF(AO77<>"",AO77,IF(AL77<>"",AL77,IF(AI77<>"",AI77,"")))))))) -> 46266 | BE77: =IF($AI77="","0",(DATEDIF($AI77,TODAY(),"Y"))) -> 1 | BF77: =IF($AI77="","",(DATEDIF($AI77,TODAY(),"YM"))) -> 1 | BG77: =IF($AI77="","",(DATEDIF($AI77,TODAY(),"MD"))) -> 1
A78: =A77+1 -> 5 | B78: 55070 | C78: A08005 | D78: TTU | E78: JOICE KRISTOPEL PANGARIBUAN | F78: Sales | G78: =IF(AI78="","Perekrutan",IF(BE78>4,"Tetap",IF(BA78<>"","Kontrak VII",IF(AX78<>"","Kontrak VI",IF(AU78<>"","Kontrak V",IF(AR78<>"","Kontrak IV",IF(AO78<>"","Kontrak III",IF(AL78<>"","Kontrak II",IF(AI78<>"","Kontrak I",""))))))))) -> Kontrak IV | H78: =IF(G78="Tetap","",IF(BA78<>"",BB78,IF(AX78<>"",AY78,IF(AU78<>"",AV78,IF(AR78<>"",AS78,IF(AO78<>"",AP78,IF(AL78<>"",AM78,IF(AI78<>"",AJ78,"")))))))) -> 46387 | I78: A | J78: 3 | K78: Kabupaten Toba | L78: 1212021812930002 | N78: Kristen | O78: Ujung Tanduk | P78: 34321 | Q78: =IF(P78="","",(DATEDIF(P78,TODAY(),"Y"))) -> 32 | R78: Lbn. Onan Ria RT / RW 000 Desa Ujung Tanduk Kec. Laguboti Kab. Toba Samosir, Sumatera Utara | S78: L | T78: Belum Kawin | U78: - | V78: SMA | Z78: 1822826117 | AA78: 726346927045000 | AC78: Freelance | AI78: 45659 | AJ78: 45777 | AK78: =IF(AJ78="","",(DATEDIF(AI78,AJ78,"M")+1)) -> 4 | AL78: 45778 | AM78: 45900 | AN78: =IF(AM78="","",(DATEDIF(AL78,AM78,"M")+1)) -> 4 | AO78: 45901 | AP78: 46022 | AQ78: =IF(AP78="","",(DATEDIF(AO78,AP78,"M")+1)) -> 4 | AR78: 46023 | AS78: 46387 | AT78: =IF(AS78="","",(DATEDIF(AR78,AS78,"M")+1)) -> 12 | AW78: =IF(AV78="","",(DATEDIF(AU78,AV78,"M")+1)) | AZ78: =IF(AY78="","",(DATEDIF(AX78,AY78,"M")+1)) | BC78: =IF(BB78="","",(DATEDIF(BA78,BB78,"M")+1)) | BD78: =IF(G78="Tetap","",IF(BA78<>"",BA78,IF(AX78<>"",AX78,IF(AU78<>"",AU78,IF(AR78<>"",AR78,IF(AO78<>"",AO78,IF(AL78<>"",AL78,IF(AI78<>"",AI78,"")))))))) -> 46023 | BE78: =IF($AI78="","0",(DATEDIF($AI78,TODAY(),"Y"))) -> 1 | BF78: =IF($AI78="","",(DATEDIF($AI78,TODAY(),"YM"))) -> 9 | BG78: =IF($AI78="","",(DATEDIF($AI78,TODAY(),"MD"))) -> 1
A79: =A78+1 -> 6 | D79: TTU | E79: SLAMET FRIZKY WIBOWO | F79: Calon Sales | G79: =IF(AI79="","Perekrutan",IF(BE79>4,"Tetap",IF(BA79<>"","Kontrak VII",IF(AX79<>"","Kontrak VI",IF(AU79<>"","Kontrak V",IF(AR79<>"","Kontrak IV",IF(AO79<>"","Kontrak III",IF(AL79<>"","Kontrak II",IF(AI79<>"","Kontrak I",""))))))))) -> Perekrutan | H79: =IF(G79="Tetap","",IF(BA79<>"",BB79,IF(AX79<>"",AY79,IF(AU79<>"",AV79,IF(AR79<>"",AS79,IF(AO79<>"",AP79,IF(AL79<>"",AM79,IF(AI79<>"",AJ79,"")))))))) | K79: Kab. Tapanuli Utara | L79: 1208101507060002 | N79: Islam | O79: Manik Huluan | P79: 38913 | Q79: =IF(P79="","",(DATEDIF(P79,TODAY(),"Y"))) -> 20 | R79: Jln. Sadar. RT / RW 000, Kelurahan Pasar Siborongborong, Kecamatan Siborongborong, Kabupaten Tapanuli Utara | S79: L | T79: Belum Kawin | U79: - | V79: SMA | AC79: 07 - 30 September 2026 | AD79: 01 - 24 Oktober 2026 | AE79: 26 Okto - 17 Nov 2026 | AK79: =IF(AJ79="","",(DATEDIF(AI79,AJ79,"M")+1)) | AN79: =IF(AM79="","",(DATEDIF(AL79,AM79,"M")+1)) | AQ79: =IF(AP79="","",(DATEDIF(AO79,AP79,"M")+1)) | AT79: =IF(AS79="","",(DATEDIF(AR79,AS79,"M")+1)) | AW79: =IF(AV79="","",(DATEDIF(AU79,AV79,"M")+1)) | AZ79: =IF(AY79="","",(DATEDIF(AX79,AY79,"M")+1)) | BC79: =IF(BB79="","",(DATEDIF(BA79,BB79,"M")+1)) | BD79: =IF(G79="Tetap","",IF(BA79<>"",BA79,IF(AX79<>"",AX79,IF(AU79<>"",AU79,IF(AR79<>"",AR79,IF(AO79<>"",AO79,IF(AL79<>"",AL79,IF(AI79<>"",AI79,"")))))))) | BE79: =IF($AI79="","0",(DATEDIF($AI79,TODAY(),"Y"))) -> 0 | BF79: =IF($AI79="","",(DATEDIF($AI79,TODAY(),"YM"))) | BG79: =IF($AI79="","",(DATEDIF($AI79,TODAY(),"MD")))
A80: =A79+1 -> 7 | B80: 55071 | C80: A08006 | D80: TTU | E80: JOS PERNANDO L | F80: Sopir | G80: =IF(AI80="","Perekrutan",IF(BE80>4,"Tetap",IF(BA80<>"","Kontrak VII",IF(AX80<>"","Kontrak VI",IF(AU80<>"","Kontrak V",IF(AR80<>"","Kontrak IV",IF(AO80<>"","Kontrak III",IF(AL80<>"","Kontrak II",IF(AI80<>"","Kontrak I",""))))))))) -> Kontrak II | H80: =IF(G80="Tetap","",IF(BA80<>"",BB80,IF(AX80<>"",AY80,IF(AU80<>"",AV80,IF(AR80<>"",AS80,IF(AO80<>"",AP80,IF(AL80<>"",AM80,IF(AI80<>"",AJ80,"")))))))) -> 46387 | I80: A | J80: - | K80: Kabupaten Toba | L80: 1212012904920004 | N80: Kristen | O80: Soposurung | P80: 33723 | Q80: =IF(P80="","",(DATEDIF(P80,TODAY(),"Y"))) -> 34 | R80: Jl. Pagar Batu RT/RW 000, Kel. Silalahi Pagar Batu, Kec. Balige, Kabupaten Toba Samosir | S80: L | T80: Belum Kawin | U80: - | V80: S1 Manajemen | Z80: 2026307202 | AA80: 1212012904920004 | AC80: Freelance | AI80: 46135 | AJ80: 46265 | AK80: =IF(AJ80="","",(DATEDIF(AI80,AJ80,"M")+1)) -> 5 | AL80: 46266 | AM80: 46387 | AN80: =IF(AM80="","",(DATEDIF(AL80,AM80,"M")+1)) -> 4 | AQ80: =IF(AP80="","",(DATEDIF(AO80,AP80,"M")+1)) | AT80: =IF(AS80="","",(DATEDIF(AR80,AS80,"M")+1)) | AW80: =IF(AV80="","",(DATEDIF(AU80,AV80,"M")+1)) | AZ80: =IF(AY80="","",(DATEDIF(AX80,AY80,"M")+1)) | BC80: =IF(BB80="","",(DATEDIF(BA80,BB80,"M")+1)) | BD80: =IF(G80="Tetap","",IF(BA80<>"",BA80,IF(AX80<>"",AX80,IF(AU80<>"",AU80,IF(AR80<>"",AR80,IF(AO80<>"",AO80,IF(AL80<>"",AL80,IF(AI80<>"",AI80,"")))))))) -> 46266 | BE80: =IF($AI80="","0",(DATEDIF($AI80,TODAY(),"Y"))) -> 0 | BF80: =IF($AI80="","",(DATEDIF($AI80,TODAY(),"YM"))) -> 5 | BG80: =IF($AI80="","",(DATEDIF($AI80,TODAY(),"MD"))) -> 10
A81: 1 | B81: 55072 | C81: A09001 | D81: BSB | E81: OSIN FREDDY SIDABUTAR | F81: Kepala Area | G81: =IF(AI81="","Perekrutan",IF(BE81>4,"Tetap",IF(BA81<>"","Kontrak VII",IF(AX81<>"","Kontrak VI",IF(AU81<>"","Kontrak V",IF(AR81<>"","Kontrak IV",IF(AO81<>"","Kontrak III",IF(AL81<>"","Kontrak II",IF(AI81<>"","Kontrak I",""))))))))) -> Kontrak II | H81: =IF(G81="Tetap","",IF(BA81<>"",BB81,IF(AX81<>"",AY81,IF(AU81<>"",AV81,IF(AR81<>"",AS81,IF(AO81<>"",AP81,IF(AL81<>"",AM81,IF(AI81<>"",AJ81,"")))))))) -> 46326 | K81: Batu Bara | L81: 1271140403890005 | N81: Kristen | O81: Manik Rambung | P81: 32571 | Q81: =IF(P81="","",(DATEDIF(P81,TODAY(),"Y"))) -> 37 | R81: Jl. Bintang Terbang RT 097 RW 049 Desa Mulio Rejo Kec. Sunggal Kab. Deli Serdang, Sumatera Utara | S81: L | T81: Kawin | U81: K03 | V81: D3 Akuntansi | Z81: 407189030 | AA81: 973320401113000 | AI81: 46069 | AJ81: 46188 | AK81: =IF(AJ81="","",(DATEDIF(AI81,AJ81,"M")+1)) -> 4 | AL81: 46188 | AM81: 46326 | AN81: =IF(AM81="","",(DATEDIF(AL81,AM81,"M")+1)) -> 5 | AQ81: =IF(AP81="","",(DATEDIF(AO81,AP81,"M")+1)) | AT81: =IF(AS81="","",(DATEDIF(AR81,AS81,"M")+1)) | AW81: =IF(AV81="","",(DATEDIF(AU81,AV81,"M")+1)) | AZ81: =IF(AY81="","",(DATEDIF(AX81,AY81,"M")+1)) | BC81: =IF(BB81="","",(DATEDIF(BA81,BB81,"M")+1)) | BD81: =IF(G81="Tetap","",IF(BA81<>"",BA81,IF(AX81<>"",AX81,IF(AU81<>"",AU81,IF(AR81<>"",AR81,IF(AO81<>"",AO81,IF(AL81<>"",AL81,IF(AI81<>"",AI81,"")))))))) -> 46188 | BE81: =IF($AI81="","0",(DATEDIF($AI81,TODAY(),"Y"))) -> 0 | BF81: =IF($AI81="","",(DATEDIF($AI81,TODAY(),"YM"))) -> 7 | BG81: =IF($AI81="","",(DATEDIF($AI81,TODAY(),"MD"))) -> 17
A82: =A81+1 -> 2 | B82: 55073 | C82: A09002 | D82: BSB | E82: RIFANDI FIRMAN SAPUTRA | F82: Sales Executive (Dropping) | G82: =IF(AI82="","Perekrutan",IF(BE82>4,"Tetap",IF(BA82<>"","Kontrak VII",IF(AX82<>"","Kontrak VI",IF(AU82<>"","Kontrak V",IF(AR82<>"","Kontrak IV",IF(AO82<>"","Kontrak III",IF(AL82<>"","Kontrak II",IF(AI82<>"","Kontrak I",""))))))))) -> Kontrak IV | H82: =IF(G82="Tetap","",IF(BA82<>"",BB82,IF(AX82<>"",AY82,IF(AU82<>"",AV82,IF(AR82<>"",AS82,IF(AO82<>"",AP82,IF(AL82<>"",AM82,IF(AI82<>"",AJ82,"")))))))) -> 46418 | I82: A | J82: 9 | K82: P. Siantar | L82: 1271032807940001 | N82: Islam | O82: Mandurana | P82: 34542 | Q82: =IF(P82="","",(DATEDIF(P82,TODAY(),"Y"))) -> 32 | R82: JL Matahari Raya Lk V No 11 Blok 5 RT / RW 000 Kel. Helvetia Kec. Medan Helvetia Kota Medan Sumut | S82: L | T82: Kawin | U82: K01 | Z82: 899807577 | AA82: 623653326124000 | AC82: Freelance | AI82: 45689 | AJ82: 45808 | AK82: =IF(AJ82="","",(DATEDIF(AI82,AJ82,"M")+1)) -> 4 | AL82: 45809 | AM82: 45930 | AN82: =IF(AM82="","",(DATEDIF(AL82,AM82,"M")+1)) -> 4 | AO82: 45931 | AP82: 46053 | AQ82: =IF(AP82="","",(DATEDIF(AO82,AP82,"M")+1)) -> 4 | AR82: 46054 | AS82: 46418 | AT82: =IF(AS82="","",(DATEDIF(AR82,AS82,"M")+1)) -> 12 | AW82: =IF(AV82="","",(DATEDIF(AU82,AV82,"M")+1)) | AZ82: =IF(AY82="","",(DATEDIF(AX82,AY82,"M")+1)) | BC82: =IF(BB82="","",(DATEDIF(BA82,BB82,"M")+1)) | BD82: =IF(G82="Tetap","",IF(BA82<>"",BA82,IF(AX82<>"",AX82,IF(AU82<>"",AU82,IF(AR82<>"",AR82,IF(AO82<>"",AO82,IF(AL82<>"",AL82,IF(AI82<>"",AI82,"")))))))) -> 46054 | BE82: =IF($AI82="","0",(DATEDIF($AI82,TODAY(),"Y"))) -> 1 | BF82: =IF($AI82="","",(DATEDIF($AI82,TODAY(),"YM"))) -> 8 | BG82: =IF($AI82="","",(DATEDIF($AI82,TODAY(),"MD"))) -> 2
A83: =A82+1 -> 3 | B83: 55074 | C83: A09003 | D83: BSB | E83: AMRI SAPUTRA | F83: Sales Executive (Dropping) | G83: =IF(AI83="","Perekrutan",IF(BE83>4,"Tetap",IF(BA83<>"","Kontrak VII",IF(AX83<>"","Kontrak VI",IF(AU83<>"","Kontrak V",IF(AR83<>"","Kontrak IV",IF(AO83<>"","Kontrak III",IF(AL83<>"","Kontrak II",IF(AI83<>"","Kontrak I",""))))))))) -> Kontrak V | H83: =IF(G83="Tetap","",IF(BA83<>"",BB83,IF(AX83<>"",AY83,IF(AU83<>"",AV83,IF(AR83<>"",AS83,IF(AO83<>"",AP83,IF(AL83<>"",AM83,IF(AI83<>"",AJ83,"")))))))) -> 46660 | I83: A | J83: 9 | K83: Kab. Asahan | L83: 1219072203830002 | N83: Islam | O83: Desa Durian | P83: 30369 | Q83: =IF(P83="","",(DATEDIF(P83,TODAY(),"Y"))) -> 43 | R83: Dusun VIII RT / RW 000 Desa Kapal Merah, Kec. Tanjung Tiram, Kab. Batu Bara, Sumut | S83: L | T83: Kawin | U83: K02 | Z83: 1659570203 | AA83: 1219072203830002 | AC83: Dari GBP 09 Sep 2024 | AI83: 44986 | AJ83: 09 Sep 24 - 31 Jan 2025 (1 Mar 2023) | AK83: =IF(AJ83="","",(DATEDIF(AI83,AJ83,"M")+1)) -> #VALUE! | AL83: 45689 | AM83: 45808 | AN83: =IF(AM83="","",(DATEDIF(AL83,AM83,"M")+1)) -> 4 | AO83: 45809 | AP83: 45930 | AQ83: =IF(AP83="","",(DATEDIF(AO83,AP83,"M")+1)) -> 4 | AR83: 45931 | AS83: 46295 | AT83: =IF(AS83="","",(DATEDIF(AR83,AS83,"M")+1)) -> 12 | AU83: 46296 | AV83: 46660 | AW83: =IF(AV83="","",(DATEDIF(AU83,AV83,"M")+1)) -> 12 | AZ83: =IF(AY83="","",(DATEDIF(AX83,AY83,"M")+1)) | BC83: =IF(BB83="","",(DATEDIF(BA83,BB83,"M")+1)) | BD83: =IF(G83="Tetap","",IF(BA83<>"",BA83,IF(AX83<>"",AX83,IF(AU83<>"",AU83,IF(AR83<>"",AR83,IF(AO83<>"",AO83,IF(AL83<>"",AL83,IF(AI83<>"",AI83,"")))))))) -> 46296 | BE83: =IF($AI83="","0",(DATEDIF($AI83,TODAY(),"Y"))) -> 3 | BF83: =IF($AI83="","",(DATEDIF($AI83,TODAY(),"YM"))) -> 7 | BG83: =IF($AI83="","",(DATEDIF($AI83,TODAY(),"MD"))) -> 2
A84: =A83+1 -> 4 | B84: 55075 | C84: A09004 | D84: BSB | E84: FAUZIA AWALIYA | F84: Administrasi Penjualan & Gudang (Kecil) Area | G84: =IF(AI84="","Perekrutan",IF(BE84>4,"Tetap",IF(BA84<>"","Kontrak VII",IF(AX84<>"","Kontrak VI",IF(AU84<>"","Kontrak V",IF(AR84<>"","Kontrak IV",IF(AO84<>"","Kontrak III",IF(AL84<>"","Kontrak II",IF(AI84<>"","Kontrak I",""))))))))) -> Kontrak I | H84: =IF(G84="Tetap","",IF(BA84<>"",BB84,IF(AX84<>"",AY84,IF(AU84<>"",AV84,IF(AR84<>"",AS84,IF(AO84<>"",AP84,IF(AL84<>"",AM84,IF(AI84<>"",AJ84,"")))))))) -> 46356 | I84: A | J84: 3 | K84: Serdang Bedagai | L84: 1208176711030002 | N84: Islam | O84: Malopot | P84: 37952 | Q84: =IF(P84="","",(DATEDIF(P84,TODAY(),"Y"))) -> 22 | R84: Huta Malopot, Desa Silenduk, Kec. Dolok Batu Nanggar, Kabupaten Simalungun | S84: P | T84: Belum Kawin | V84: D3 Komputerisasi Akuntansi | Z84: 2063233518 | AA84: 1208176711030002 | AC84: 18 Mei - 12 Juni 2026 | AD84: 13 Juni - 8 Juli 2026 | AE84: 9 - 31 Juli 2026 | AI84: 46235 | AJ84: 46356 | AK84: =IF(AJ84="","",(DATEDIF(AI84,AJ84,"M")+1)) -> 4 | AZ84: =IF(AY84="","",(DATEDIF(AX84,AY84,"M")+1)) | BC84: =IF(BB84="","",(DATEDIF(BA84,BB84,"M")+1)) | BD84: =IF(G84="Tetap","",IF(BA84<>"",BA84,IF(AX84<>"",AX84,IF(AU84<>"",AU84,IF(AR84<>"",AR84,IF(AO84<>"",AO84,IF(AL84<>"",AL84,IF(AI84<>"",AI84,"")))))))) -> 46235 | BE84: =IF($AI84="","0",(DATEDIF($AI84,TODAY(),"Y"))) -> 0 | BF84: =IF($AI84="","",(DATEDIF($AI84,TODAY(),"YM"))) -> 2 | BG84: =IF($AI84="","",(DATEDIF($AI84,TODAY(),"MD"))) -> 2
A85: =A84+1 -> 5 | B85: 55076 | C85: A09005 | D85: BSB | E85: SUGIARTO | F85: Sales | G85: =IF(AI85="","Perekrutan",IF(BE85>4,"Tetap",IF(BA85<>"","Kontrak VII",IF(AX85<>"","Kontrak VI",IF(AU85<>"","Kontrak V",IF(AR85<>"","Kontrak IV",IF(AO85<>"","Kontrak III",IF(AL85<>"","Kontrak II",IF(AI85<>"","Kontrak I",""))))))))) -> Kontrak IV | H85: =IF(G85="Tetap","",IF(BA85<>"",BB85,IF(AX85<>"",AY85,IF(AU85<>"",AV85,IF(AR85<>"",AS85,IF(AO85<>"",AP85,IF(AL85<>"",AM85,IF(AI85<>"",AJ85,"")))))))) -> 46599 | I85: A | J85: 3 | K85: Kab. Batu Bara | L85: 1209123105950001 | N85: Islam | O85: Anjung Ganjang | P85: 34850 | Q85: =IF(P85="","",(DATEDIF(P85,TODAY(),"Y"))) -> 31 | R85: Dusun VII Harapan RT / RW - Desa Tali Air Permai Kec. Nibung Hangus Kab. Batu Bara Sumut Kodepos 21253 | S85: L | T85: Kawin | U85: K01 | V85: SMA | Z85: 1851177303 | AA85: 1209123105950001 | AC85: Freelance | AI85: 45871 | AJ85: 45991 | AK85: =IF(AJ85="","",(DATEDIF(AI85,AJ85,"M")+1)) -> 4 | AL85: 45992 | AM85: 46112 | AN85: =IF(AM85="","",(DATEDIF(AL85,AM85,"M")+1)) -> 4 | AO85: 46113 | AP85: 46234 | AQ85: =IF(AP85="","",(DATEDIF(AO85,AP85,"M")+1)) -> 4 | AR85: 46235 | AS85: 46599 | AT85: =IF(AS85="","",(DATEDIF(AR85,AS85,"M")+1)) -> 12 | AW85: =IF(AV85="","",(DATEDIF(AU85,AV85,"M")+1)) | AZ85: =IF(AY85="","",(DATEDIF(AX85,AY85,"M")+1)) | BC85: =IF(BB85="","",(DATEDIF(BA85,BB85,"M")+1)) | BD85: =IF(G85="Tetap","",IF(BA85<>"",BA85,IF(AX85<>"",AX85,IF(AU85<>"",AU85,IF(AR85<>"",AR85,IF(AO85<>"",AO85,IF(AL85<>"",AL85,IF(AI85<>"",AI85,"")))))))) -> 46235 | BE85: =IF($AI85="","0",(DATEDIF($AI85,TODAY(),"Y"))) -> 1 | BF85: =IF($AI85="","",(DATEDIF($AI85,TODAY(),"YM"))) -> 2 | BG85: =IF($AI85="","",(DATEDIF($AI85,TODAY(),"MD"))) -> 1
A86: =A85+1 -> 6 | B86: 55077 | C86: A09006 | D86: BSB | E86: KOKO PRAWISKO | F86: Sales | G86: =IF(AI86="","Perekrutan",IF(BE86>4,"Tetap",IF(BA86<>"","Kontrak VII",IF(AX86<>"","Kontrak VI",IF(AU86<>"","Kontrak V",IF(AR86<>"","Kontrak IV",IF(AO86<>"","Kontrak III",IF(AL86<>"","Kontrak II",IF(AI86<>"","Kontrak I",""))))))))) -> Kontrak IV | H86: =IF(G86="Tetap","",IF(BA86<>"",BB86,IF(AX86<>"",AY86,IF(AU86<>"",AV86,IF(AR86<>"",AS86,IF(AO86<>"",AP86,IF(AL86<>"",AM86,IF(AI86<>"",AJ86,"")))))))) -> 46599 | I86: A | J86: 3 | K86: Kab. Batu Bara | L86: 1209130405920008 | N86: Islam | O86: Hessa Air Genting | P86: 33728 | Q86: =IF(P86="","",(DATEDIF(P86,TODAY(),"Y"))) -> 34 | R86: Dusun VI RT / RW 000 Desa Air Genting Kec. Air Batu Kab. Asahan Sumut Kodepos 21272 | S86: L | T86: Kawin | U86: K02 | V86: MA | Z86: 1184453577 | AA86: 1209130405920008 | AC86: Freelance | AI86: 45871 | AJ86: 45991 | AK86: =IF(AJ86="","",(DATEDIF(AI86,AJ86,"M")+1)) -> 4 | AL86: 45992 | AM86: 46112 | AN86: =IF(AM86="","",(DATEDIF(AL86,AM86,"M")+1)) -> 4 | AO86: 46113 | AP86: 46234 | AQ86: =IF(AP86="","",(DATEDIF(AO86,AP86,"M")+1)) -> 4 | AR86: 46235 | AS86: 46599 | AT86: =IF(AS86="","",(DATEDIF(AR86,AS86,"M")+1)) -> 12 | AW86: =IF(AV86="","",(DATEDIF(AU86,AV86,"M")+1)) | AZ86: =IF(AY86="","",(DATEDIF(AX86,AY86,"M")+1)) | BC86: =IF(BB86="","",(DATEDIF(BA86,BB86,"M")+1)) | BD86: =IF(G86="Tetap","",IF(BA86<>"",BA86,IF(AX86<>"",AX86,IF(AU86<>"",AU86,IF(AR86<>"",AR86,IF(AO86<>"",AO86,IF(AL86<>"",AL86,IF(AI86<>"",AI86,"")))))))) -> 46235 | BE86: =IF($AI86="","0",(DATEDIF($AI86,TODAY(),"Y"))) -> 1 | BF86: =IF($AI86="","",(DATEDIF($AI86,TODAY(),"YM"))) -> 2 | BG86: =IF($AI86="","",(DATEDIF($AI86,TODAY(),"MD"))) -> 1
A87: =A86+1 -> 7 | B87: 55078 | C87: A09007 | D87: BSB | E87: RAMADIAN | F87: Sales | G87: =IF(AI87="","Perekrutan",IF(BE87>4,"Tetap",IF(BA87<>"","Kontrak VII",IF(AX87<>"","Kontrak VI",IF(AU87<>"","Kontrak V",IF(AR87<>"","Kontrak IV",IF(AO87<>"","Kontrak III",IF(AL87<>"","Kontrak II",IF(AI87<>"","Kontrak I",""))))))))) -> Kontrak IV | H87: =IF(G87="Tetap","",IF(BA87<>"",BB87,IF(AX87<>"",AY87,IF(AU87<>"",AV87,IF(AR87<>"",AS87,IF(AO87<>"",AP87,IF(AL87<>"",AM87,IF(AI87<>"",AJ87,"")))))))) -> 46599 | I87: A | J87: 3 | K87: Kab. Batu Bara | L87: 1219030201960002 | N87: Islam | O87: Tanah Tinggi | P87: 35066 | Q87: =IF(P87="","",(DATEDIF(P87,TODAY(),"Y"))) -> 30 | R87: Dusun VI RT / RW 000 Desa Tanah Rendah Kec. Air Putih Kab. Batu Bara Sumut Kodepos 21256 | S87: L | T87: Cerai Mati | U87: - | V87: SMK | Z87: 1122785743 | AA87: 1219030201960002 | AC87: Freelance | AI87: 45871 | AJ87: 45991 | AK87: =IF(AJ87="","",(DATEDIF(AI87,AJ87,"M")+1)) -> 4 | AL87: 45992 | AM87: 46112 | AN87: =IF(AM87="","",(DATEDIF(AL87,AM87,"M")+1)) -> 4 | AO87: 46113 | AP87: 46234 | AQ87: =IF(AP87="","",(DATEDIF(AO87,AP87,"M")+1)) -> 4 | AR87: 46235 | AS87: 46599 | AT87: =IF(AS87="","",(DATEDIF(AR87,AS87,"M")+1)) -> 12 | AW87: =IF(AV87="","",(DATEDIF(AU87,AV87,"M")+1)) | AZ87: =IF(AY87="","",(DATEDIF(AX87,AY87,"M")+1)) | BC87: =IF(BB87="","",(DATEDIF(BA87,BB87,"M")+1)) | BD87: =IF(G87="Tetap","",IF(BA87<>"",BA87,IF(AX87<>"",AX87,IF(AU87<>"",AU87,IF(AR87<>"",AR87,IF(AO87<>"",AO87,IF(AL87<>"",AL87,IF(AI87<>"",AI87,"")))))))) -> 46235 | BE87: =IF($AI87="","0",(DATEDIF($AI87,TODAY(),"Y"))) -> 1 | BF87: =IF($AI87="","",(DATEDIF($AI87,TODAY(),"YM"))) -> 2 | BG87: =IF($AI87="","",(DATEDIF($AI87,TODAY(),"MD"))) -> 1
A88: =A87+1 -> 8 | B88: 55079 | C88: A09008 | D88: BSB | E88: DIKA SAPUTRA | F88: Sales | G88: =IF(AI88="","Perekrutan",IF(BE88>4,"Tetap",IF(BA88<>"","Kontrak VII",IF(AX88<>"","Kontrak VI",IF(AU88<>"","Kontrak V",IF(AR88<>"","Kontrak IV",IF(AO88<>"","Kontrak III",IF(AL88<>"","Kontrak II",IF(AI88<>"","Kontrak I",""))))))))) -> Kontrak IV | H88: =IF(G88="Tetap","",IF(BA88<>"",BB88,IF(AX88<>"",AY88,IF(AU88<>"",AV88,IF(AR88<>"",AS88,IF(AO88<>"",AP88,IF(AL88<>"",AM88,IF(AI88<>"",AJ88,"")))))))) -> 46599 | I88: A | J88: 3 | K88: Kab. Batu Bara | L88: 1219031104960003 | N88: Islam | O88: Tanah Tinggi | P88: 35166 | Q88: =IF(P88="","",(DATEDIF(P88,TODAY(),"Y"))) -> 30 | R88: Dusun IV Melati RT / RW - Desa Tanah Rendah Kec. Air Putih Kab. Batu Bara Sumut Kodepos 21256 | S88: L | T88: Kawin | U88: K02 | V88: SMK | Z88: 1851398425 | AA88: 1219031104960003 | AC88: Freelance | AI88: 45871 | AJ88: 45991 | AK88: =IF(AJ88="","",(DATEDIF(AI88,AJ88,"M")+1)) -> 4 | AL88: 45992 | AM88: 46112 | AN88: =IF(AM88="","",(DATEDIF(AL88,AM88,"M")+1)) -> 4 | AO88: 46113 | AP88: 46234 | AQ88: =IF(AP88="","",(DATEDIF(AO88,AP88,"M")+1)) -> 4 | AR88: 46235 | AS88: 46599 | AT88: =IF(AS88="","",(DATEDIF(AR88,AS88,"M")+1)) -> 12 | AW88: =IF(AV88="","",(DATEDIF(AU88,AV88,"M")+1)) | AZ88: =IF(AY88="","",(DATEDIF(AX88,AY88,"M")+1)) | BC88: =IF(BB88="","",(DATEDIF(BA88,BB88,"M")+1)) | BD88: =IF(G88="Tetap","",IF(BA88<>"",BA88,IF(AX88<>"",AX88,IF(AU88<>"",AU88,IF(AR88<>"",AR88,IF(AO88<>"",AO88,IF(AL88<>"",AL88,IF(AI88<>"",AI88,"")))))))) -> 46235 | BE88: =IF($AI88="","0",(DATEDIF($AI88,TODAY(),"Y"))) -> 1 | BF88: =IF($AI88="","",(DATEDIF($AI88,TODAY(),"YM"))) -> 2 | BG88: =IF($AI88="","",(DATEDIF($AI88,TODAY(),"MD"))) -> 1
A89: =A88+1 -> 9 | B89: 55080 | C89: A09009 | D89: BSB | E89: REFI MUKTI | F89: Sales | G89: =IF(AI89="","Perekrutan",IF(BE89>4,"Tetap",IF(BA89<>"","Kontrak VII",IF(AX89<>"","Kontrak VI",IF(AU89<>"","Kontrak V",IF(AR89<>"","Kontrak IV",IF(AO89<>"","Kontrak III",IF(AL89<>"","Kontrak II",IF(AI89<>"","Kontrak I",""))))))))) -> Kontrak IV | H89: =IF(G89="Tetap","",IF(BA89<>"",BB89,IF(AX89<>"",AY89,IF(AU89<>"",AV89,IF(AR89<>"",AS89,IF(AO89<>"",AP89,IF(AL89<>"",AM89,IF(AI89<>"",AJ89,"")))))))) -> 46599 | I89: A | J89: 3 | K89: Kab. Batu Bara | L89: 1219031010000009 | N89: Islam | O89: Tanjung Kubah | P89: 36809 | Q89: =IF(P89="","",(DATEDIF(P89,TODAY(),"Y"))) -> 25 | R89: Dusun VII RT / RW 000 Desa Tanjung Kubah Kec. Air Putih Kab. Batu Bara Sumut Kodepos 21256 | S89: L | T89: Kawin | U89: K00 | V89: SMK | Z89: 1888318345 | AA89: 1219031010000009 | AC89: Freelance | AI89: 45871 | AJ89: 45991 | AK89: =IF(AJ89="","",(DATEDIF(AI89,AJ89,"M")+1)) -> 4 | AL89: 45992 | AM89: 46112 | AN89: =IF(AM89="","",(DATEDIF(AL89,AM89,"M")+1)) -> 4 | AO89: 46113 | AP89: 46234 | AQ89: =IF(AP89="","",(DATEDIF(AO89,AP89,"M")+1)) -> 4 | AR89: 46235 | AS89: 46599 | AT89: =IF(AS89="","",(DATEDIF(AR89,AS89,"M")+1)) -> 12 | AW89: =IF(AV89="","",(DATEDIF(AU89,AV89,"M")+1)) | AZ89: =IF(AY89="","",(DATEDIF(AX89,AY89,"M")+1)) | BC89: =IF(BB89="","",(DATEDIF(BA89,BB89,"M")+1)) | BD89: =IF(G89="Tetap","",IF(BA89<>"",BA89,IF(AX89<>"",AX89,IF(AU89<>"",AU89,IF(AR89<>"",AR89,IF(AO89<>"",AO89,IF(AL89<>"",AL89,IF(AI89<>"",AI89,"")))))))) -> 46235 | BE89: =IF($AI89="","0",(DATEDIF($AI89,TODAY(),"Y"))) -> 1 | BF89: =IF($AI89="","",(DATEDIF($AI89,TODAY(),"YM"))) -> 2 | BG89: =IF($AI89="","",(DATEDIF($AI89,TODAY(),"MD"))) -> 1
A90: =A89+1 -> 10 | B90: 55081 | C90: A09010 | D90: BSB | E90: TUPON | F90: Sales | G90: =IF(AI90="","Perekrutan",IF(BE90>4,"Tetap",IF(BA90<>"","Kontrak VII",IF(AX90<>"","Kontrak VI",IF(AU90<>"","Kontrak V",IF(AR90<>"","Kontrak IV",IF(AO90<>"","Kontrak III",IF(AL90<>"","Kontrak II",IF(AI90<>"","Kontrak I",""))))))))) -> Kontrak III | H90: =IF(G90="Tetap","",IF(BA90<>"",BB90,IF(AX90<>"",AY90,IF(AU90<>"",AV90,IF(AR90<>"",AS90,IF(AO90<>"",AP90,IF(AL90<>"",AM90,IF(AI90<>"",AJ90,"")))))))) -> 46387 | I90: A | J90: 3 | K90: Serdang Bedagai | L90: 1218042211860005 | N90: Islam | O90: Rambung Estate | P90: 31722 | Q90: =IF(P90="","",(DATEDIF(P90,TODAY(),"Y"))) -> 39 | R90: Dusun I Senayan RT / RW 000 Desa Simpang Empat Kec. Sei Rampah Kab. Serdang Bedagai Sumut | S90: L | T90: Kawin | U90: K01 | V90: SMA | Z90: 1982562975 | AA90: 1218042211860005 | AC90: Freelance | AI90: 46002 | AJ90: 46142 | AK90: =IF(AJ90="","",(DATEDIF(AI90,AJ90,"M")+1)) -> 5 | AL90: 46143 | AM90: 46265 | AN90: =IF(AM90="","",(DATEDIF(AL90,AM90,"M")+1)) -> 4 | AO90: 46266 | AP90: 46387 | AQ90: =IF(AP90="","",(DATEDIF(AO90,AP90,"M")+1)) -> 4 | AT90: =IF(AS90="","",(DATEDIF(AR90,AS90,"M")+1)) | AW90: =IF(AV90="","",(DATEDIF(AU90,AV90,"M")+1)) | AZ90: =IF(AY90="","",(DATEDIF(AX90,AY90,"M")+1)) | BC90: =IF(BB90="","",(DATEDIF(BA90,BB90,"M")+1)) | BD90: =IF(G90="Tetap","",IF(BA90<>"",BA90,IF(AX90<>"",AX90,IF(AU90<>"",AU90,IF(AR90<>"",AR90,IF(AO90<>"",AO90,IF(AL90<>"",AL90,IF(AI90<>"",AI90,"")))))))) -> 46266 | BE90: =IF($AI90="","0",(DATEDIF($AI90,TODAY(),"Y"))) -> 0 | BF90: =IF($AI90="","",(DATEDIF($AI90,TODAY(),"YM"))) -> 9 | BG90: =IF($AI90="","",(DATEDIF($AI90,TODAY(),"MD"))) -> 22
A91: 1 | D91: BSB | E91: JAMATUL FADLI SWEDAN | F91: Calon Sales (Grebek) | G91: =IF(AI91="","Perekrutan",IF(BE91>4,"Tetap",IF(BA91<>"","Kontrak VII",IF(AX91<>"","Kontrak VI",IF(AU91<>"","Kontrak V",IF(AR91<>"","Kontrak IV",IF(AO91<>"","Kontrak III",IF(AL91<>"","Kontrak II",IF(AI91<>"","Kontrak I",""))))))))) -> Perekrutan | H91: =IF(G91="Tetap","",IF(BA91<>"",BB91,IF(AX91<>"",AY91,IF(AU91<>"",AV91,IF(AR91<>"",AS91,IF(AO91<>"",AP91,IF(AL91<>"",AM91,IF(AI91<>"",AJ91,"")))))))) | K91: Kota Tebing Tinggi | L91: 1276051211930001 | N91: Islam | O91: Tebing Tinggi | P91: 34285 | Q91: =IF(P91="","",(DATEDIF(P91,TODAY(),"Y"))) -> 32 | R91: Jln. Pala Lingk. III, RT / RW 000, Kelurahan Bandar Utama, Kecamatan Tebing Tinggi Kota, Kota Tebing Tinggi | S91: L | T91: Kawin | U91: K02 | V91: S1 Manajemen | AC91: 08 Sept - 01 Oktober 2026 | AD91: 02 - 26 Oktober 2026 | AE91: 27 Okto - 18 Nov 2026 | AK91: =IF(AJ91="","",(DATEDIF(AI91,AJ91,"M"))) | AN91: =IF(AM91="","",(DATEDIF(AL91,AM91,"M")+1)) | AQ91: =IF(AP91="","",(DATEDIF(AO91,AP91,"M")+1)) | AT91: =IF(AS91="","",(DATEDIF(AR91,AS91,"M")+1)) | AW91: =IF(AV91="","",(DATEDIF(AU91,AV91,"M")+1)) | AZ91: =IF(AY91="","",(DATEDIF(AX91,AY91,"M")+1)) | BC91: =IF(BB91="","",(DATEDIF(BA91,BB91,"M")+1)) | BD91: =IF(G91="Tetap","",IF(BA91<>"",BA91,IF(AX91<>"",AX91,IF(AU91<>"",AU91,IF(AR91<>"",AR91,IF(AO91<>"",AO91,IF(AL91<>"",AL91,IF(AI91<>"",AI91,"")))))))) | BE91: =IF($AI91="","0",(DATEDIF($AI91,TODAY(),"Y"))) -> 0 | BF91: =IF($AI91="","",(DATEDIF($AI91,TODAY(),"YM"))) | BG91: =IF($AI91="","",(DATEDIF($AI91,TODAY(),"MD")))
A92: =A91+1 -> 2 | D92: BSB | E92: M. FADLAN FAHMI LUBIS | F92: Calon Sales (Grebek) | G92: =IF(AI92="","Perekrutan",IF(BE92>4,"Tetap",IF(BA92<>"","Kontrak VII",IF(AX92<>"","Kontrak VI",IF(AU92<>"","Kontrak V",IF(AR92<>"","Kontrak IV",IF(AO92<>"","Kontrak III",IF(AL92<>"","Kontrak II",IF(AI92<>"","Kontrak I",""))))))))) -> Perekrutan | H92: =IF(G92="Tetap","",IF(BA92<>"",BB92,IF(AX92<>"",AY92,IF(AU92<>"",AV92,IF(AR92<>"",AS92,IF(AO92<>"",AP92,IF(AL92<>"",AM92,IF(AI92<>"",AJ92,"")))))))) | K92: Kota Tebing Tinggi | L92: 1276040110960001 | N92: Islam | O92: Bah Jambi | P92: 35339 | Q92: =IF(P92="","",(DATEDIF(P92,TODAY(),"Y"))) -> 30 | R92: Jl. Jend. A. Yani. LK. III, RT / RW-, Kelurahan Durian, Kecamatan Bajenis, Kota Tebing Tinggi | S92: L | T92: Kawin | U92: K02 | V92: SMK | AC92: 08 Sept - 01 Oktober 2026 | AD92: 02 - 26 Oktober 2026 | AE92: 27 Okto - 18 Nov 2026 | AK92: =IF(AJ92="","",(DATEDIF(AI92,AJ92,"M"))) | AN92: =IF(AM92="","",(DATEDIF(AL92,AM92,"M")+1)) | AQ92: =IF(AP92="","",(DATEDIF(AO92,AP92,"M")+1)) | AT92: =IF(AS92="","",(DATEDIF(AR92,AS92,"M")+1)) | AW92: =IF(AV92="","",(DATEDIF(AU92,AV92,"M")+1)) | AZ92: =IF(AY92="","",(DATEDIF(AX92,AY92,"M")+1)) | BC92: =IF(BB92="","",(DATEDIF(BA92,BB92,"M")+1)) | BD92: =IF(G92="Tetap","",IF(BA92<>"",BA92,IF(AX92<>"",AX92,IF(AU92<>"",AU92,IF(AR92<>"",AR92,IF(AO92<>"",AO92,IF(AL92<>"",AL92,IF(AI92<>"",AI92,"")))))))) | BE92: =IF($AI92="","0",(DATEDIF($AI92,TODAY(),"Y"))) -> 0 | BF92: =IF($AI92="","",(DATEDIF($AI92,TODAY(),"YM"))) | BG92: =IF($AI92="","",(DATEDIF($AI92,TODAY(),"MD")))
A93: =A92+1 -> 3 | D93: BSB | E93: IMAN SURBAKTI | F93: Calon Sales (Grebek) | G93: =IF(AI93="","Perekrutan",IF(BE93>4,"Tetap",IF(BA93<>"","Kontrak VII",IF(AX93<>"","Kontrak VI",IF(AU93<>"","Kontrak V",IF(AR93<>"","Kontrak IV",IF(AO93<>"","Kontrak III",IF(AL93<>"","Kontrak II",IF(AI93<>"","Kontrak I",""))))))))) -> Perekrutan | H93: =IF(G93="Tetap","",IF(BA93<>"",BB93,IF(AX93<>"",AY93,IF(AU93<>"",AV93,IF(AR93<>"",AS93,IF(AO93<>"",AP93,IF(AL93<>"",AM93,IF(AI93<>"",AJ93,"")))))))) | K93: Kota Tebing Tinggi | L93: 1218042506850009 | N93: Islam | O93: Afd H Balimbingan | P93: 31223 | Q93: =IF(P93="","",(DATEDIF(P93,TODAY(),"Y"))) -> 41 | R93: Dusun V, RT 000 / RW 000, Kelurahan Pergulaan, Kecamatan Sei Rampah, Kabupaten Serdang Berdagai | S93: L | T93: Kawin | U93: K02 | V93: SMA | AC93: 16 Sept - 09 Oktober 2026 | AD93: 10 Okto - 04 Novem 2026 | AE93: 05 - 26 November 2026 | AK93: =IF(AJ93="","",(DATEDIF(AI93,AJ93,"M"))) | AN93: =IF(AM93="","",(DATEDIF(AL93,AM93,"M")+1)) | AQ93: =IF(AP93="","",(DATEDIF(AO93,AP93,"M")+1)) | AT93: =IF(AS93="","",(DATEDIF(AR93,AS93,"M")+1)) | AW93: =IF(AV93="","",(DATEDIF(AU93,AV93,"M")+1)) | AZ93: =IF(AY93="","",(DATEDIF(AX93,AY93,"M")+1)) | BC93: =IF(BB93="","",(DATEDIF(BA93,BB93,"M")+1)) | BD93: =IF(G93="Tetap","",IF(BA93<>"",BA93,IF(AX93<>"",AX93,IF(AU93<>"",AU93,IF(AR93<>"",AR93,IF(AO93<>"",AO93,IF(AL93<>"",AL93,IF(AI93<>"",AI93,"")))))))) | BE93: =IF($AI93="","0",(DATEDIF($AI93,TODAY(),"Y"))) -> 0 | BF93: =IF($AI93="","",(DATEDIF($AI93,TODAY(),"YM"))) | BG93: =IF($AI93="","",(DATEDIF($AI93,TODAY(),"MD")))
A94: =A93+1 -> 4 | D94: BSB | E94: AZRIAL ZAINARI | F94: Calon Sales (Grebek) | G94: =IF(AI94="","Perekrutan",IF(BE94>4,"Tetap",IF(BA94<>"","Kontrak VII",IF(AX94<>"","Kontrak VI",IF(AU94<>"","Kontrak V",IF(AR94<>"","Kontrak IV",IF(AO94<>"","Kontrak III",IF(AL94<>"","Kontrak II",IF(AI94<>"","Kontrak I",""))))))))) -> Perekrutan | H94: =IF(G94="Tetap","",IF(BA94<>"",BB94,IF(AX94<>"",AY94,IF(AU94<>"",AV94,IF(AR94<>"",AS94,IF(AO94<>"",AP94,IF(AL94<>"",AM94,IF(AI94<>"",AJ94,"")))))))) | K94: Kota Tebing Tinggi | L94: 1276012208930003 | N94: Islam | O94: Tebing Tinggi | P94: 34203 | Q94: =IF(P94="","",(DATEDIF(P94,TODAY(),"Y"))) -> 33 | R94: Jl. Cemara Komp Villa Cemara LK. III, RT 003 / RW 003. Kelurahan Rambung, Kecamatan Tebing Tinggi Kota, Kota Tebing Tinggi | S94: L | T94: Kawin | U94: K0 | V94: S1 Hukum | AC94: 16 Sept - 09 Oktober 2026 | AD94: 10 Okto - 04 Novem 2026 | AE94: 05 - 26 November 2026 | AK94: =IF(AJ94="","",(DATEDIF(AI94,AJ94,"M"))) | AN94: =IF(AM94="","",(DATEDIF(AL94,AM94,"M")+1)) | AQ94: =IF(AP94="","",(DATEDIF(AO94,AP94,"M")+1)) | AT94: =IF(AS94="","",(DATEDIF(AR94,AS94,"M")+1)) | AW94: =IF(AV94="","",(DATEDIF(AU94,AV94,"M")+1)) | AZ94: =IF(AY94="","",(DATEDIF(AX94,AY94,"M")+1)) | BC94: =IF(BB94="","",(DATEDIF(BA94,BB94,"M")+1)) | BD94: =IF(G94="Tetap","",IF(BA94<>"",BA94,IF(AX94<>"",AX94,IF(AU94<>"",AU94,IF(AR94<>"",AR94,IF(AO94<>"",AO94,IF(AL94<>"",AL94,IF(AI94<>"",AI94,"")))))))) | BE94: =IF($AI94="","0",(DATEDIF($AI94,TODAY(),"Y"))) -> 0 | BF94: =IF($AI94="","",(DATEDIF($AI94,TODAY(),"YM"))) | BG94: =IF($AI94="","",(DATEDIF($AI94,TODAY(),"MD")))
A95: =A94+1 -> 5 | D95: BSB | E95: FADIL FARSAF | F95: Calon Sales (Grebek) | G95: =IF(AI95="","Perekrutan",IF(BE95>4,"Tetap",IF(BA95<>"","Kontrak VII",IF(AX95<>"","Kontrak VI",IF(AU95<>"","Kontrak V",IF(AR95<>"","Kontrak IV",IF(AO95<>"","Kontrak III",IF(AL95<>"","Kontrak II",IF(AI95<>"","Kontrak I",""))))))))) -> Perekrutan | H95: =IF(G95="Tetap","",IF(BA95<>"",BB95,IF(AX95<>"",AY95,IF(AU95<>"",AV95,IF(AR95<>"",AS95,IF(AO95<>"",AP95,IF(AL95<>"",AM95,IF(AI95<>"",AJ95,"")))))))) | K95: Kota Tebing Tinggi | L95: 1218072007920005 | N95: Islam | O95: KP. Ibus | P95: 33805 | Q95: =IF(P95="","",(DATEDIF(P95,TODAY(),"Y"))) -> 34 | R95: Dusun VIII Kp. Pelintahan, RT 000 / RW 000, Desa Sei Rampah, Kecamatan Sei Rampah, Kabupaten Serdang Berdagai | S95: L | T95: Kawin | U95: K03 | V95: SMA | AC95: 23 Sept - 16 Okto 2026 | AD95: 17 Okto - 10 Nov 2026 | AE95: 11 Nov - 03 Des 2026 | AK95: =IF(AJ95="","",(DATEDIF(AI95,AJ95,"M"))) | AN95: =IF(AM95="","",(DATEDIF(AL95,AM95,"M")+1)) | AQ95: =IF(AP95="","",(DATEDIF(AO95,AP95,"M")+1)) | AT95: =IF(AS95="","",(DATEDIF(AR95,AS95,"M")+1)) | AW95: =IF(AV95="","",(DATEDIF(AU95,AV95,"M")+1)) | AZ95: =IF(AY95="","",(DATEDIF(AX95,AY95,"M")+1)) | BC95: =IF(BB95="","",(DATEDIF(BA95,BB95,"M")+1)) | BD95: =IF(G95="Tetap","",IF(BA95<>"",BA95,IF(AX95<>"",AX95,IF(AU95<>"",AU95,IF(AR95<>"",AR95,IF(AO95<>"",AO95,IF(AL95<>"",AL95,IF(AI95<>"",AI95,"")))))))) | BE95: =IF($AI95="","0",(DATEDIF($AI95,TODAY(),"Y"))) -> 0 | BF95: =IF($AI95="","",(DATEDIF($AI95,TODAY(),"YM"))) | BG95: =IF($AI95="","",(DATEDIF($AI95,TODAY(),"MD")))
A96: =A95+1 -> 6 | D96: BSB | E96: AHMAD SATRIO | F96: Calon Sales (Grebek) | G96: =IF(AI96="","Perekrutan",IF(BE96>4,"Tetap",IF(BA96<>"","Kontrak VII",IF(AX96<>"","Kontrak VI",IF(AU96<>"","Kontrak V",IF(AR96<>"","Kontrak IV",IF(AO96<>"","Kontrak III",IF(AL96<>"","Kontrak II",IF(AI96<>"","Kontrak I",""))))))))) -> Perekrutan | H96: =IF(G96="Tetap","",IF(BA96<>"",BB96,IF(AX96<>"",AY96,IF(AU96<>"",AV96,IF(AR96<>"",AS96,IF(AO96<>"",AP96,IF(AL96<>"",AM96,IF(AI96<>"",AJ96,"")))))))) | K96: Kota Tebing Tinggi | L96: 1218020912080003 | N96: Islam | O96: Sei Buluh | P96: 39791 | Q96: =IF(P96="","",(DATEDIF(P96,TODAY(),"Y"))) -> 17 | R96: Dsn III, RT 000 / RW 000, Desa Sei Buluh, Kecamatan Perbaungan, Kabupaten Serdang Berdagai | S96: L | T96: Belum Kawin | U96: TK00 | V96: SMK | AC96: 01 - 24 Oktober 2026 | AD96: 26 Okto - 18 Nov 2026 | AE96: 19 Nov - 11 Des 2026 | AK96: =IF(AJ96="","",(DATEDIF(AI96,AJ96,"M"))) | AN96: =IF(AM96="","",(DATEDIF(AL96,AM96,"M")+1)) | AQ96: =IF(AP96="","",(DATEDIF(AO96,AP96,"M")+1)) | AT96: =IF(AS96="","",(DATEDIF(AR96,AS96,"M")+1)) | AW96: =IF(AV96="","",(DATEDIF(AU96,AV96,"M")+1)) | AZ96: =IF(AY96="","",(DATEDIF(AX96,AY96,"M")+1)) | BC96: =IF(BB96="","",(DATEDIF(BA96,BB96,"M")+1)) | BD96: =IF(G96="Tetap","",IF(BA96<>"",BA96,IF(AX96<>"",AX96,IF(AU96<>"",AU96,IF(AR96<>"",AR96,IF(AO96<>"",AO96,IF(AL96<>"",AL96,IF(AI96<>"",AI96,"")))))))) | BE96: =IF($AI96="","0",(DATEDIF($AI96,TODAY(),"Y"))) -> 0 | BF96: =IF($AI96="","",(DATEDIF($AI96,TODAY(),"YM"))) | BG96: =IF($AI96="","",(DATEDIF($AI96,TODAY(),"MD")))
A97: =A96+1 -> 7 | D97: BSB | E97: MUHAMMAD ABBAS | F97: Calon Sales (Grebek) | G97: =IF(AI97="","Perekrutan",IF(BE97>4,"Tetap",IF(BA97<>"","Kontrak VII",IF(AX97<>"","Kontrak VI",IF(AU97<>"","Kontrak V",IF(AR97<>"","Kontrak IV",IF(AO97<>"","Kontrak III",IF(AL97<>"","Kontrak II",IF(AI97<>"","Kontrak I",""))))))))) -> Perekrutan | H97: =IF(G97="Tetap","",IF(BA97<>"",BB97,IF(AX97<>"",AY97,IF(AU97<>"",AV97,IF(AR97<>"",AS97,IF(AO97<>"",AP97,IF(AL97<>"",AM97,IF(AI97<>"",AJ97,"")))))))) | K97: Kota Tebing Tinggi | L97: 1208172101040001 | N97: Islam | O97: Malopot | P97: 38007 | Q97: =IF(P97="","",(DATEDIF(P97,TODAY(),"Y"))) -> 22 | R97: Huta Malopo I, RT 000 / RW 000, Desa Silenduk, Kecamatan Dolok Batu Nanggar, Kabupaten Simalungun | S97: L | T97: Belum Kawin | U97: TK00 | V97: S1 Sosial | AC97: 01 - 24 Oktober 2026 | AD97: 26 Okto - 18 Nov 2026 | AE97: 19 Nov - 11 Des 2026 | AK97: =IF(AJ97="","",(DATEDIF(AI97,AJ97,"M"))) | AN97: =IF(AM97="","",(DATEDIF(AL97,AM97,"M")+1)) | AQ97: =IF(AP97="","",(DATEDIF(AO97,AP97,"M")+1)) | AT97: =IF(AS97="","",(DATEDIF(AR97,AS97,"M")+1)) | AW97: =IF(AV97="","",(DATEDIF(AU97,AV97,"M")+1)) | AZ97: =IF(AY97="","",(DATEDIF(AX97,AY97,"M")+1)) | BC97: =IF(BB97="","",(DATEDIF(BA97,BB97,"M")+1)) | BD97: =IF(G97="Tetap","",IF(BA97<>"",BA97,IF(AX97<>"",AX97,IF(AU97<>"",AU97,IF(AR97<>"",AR97,IF(AO97<>"",AO97,IF(AL97<>"",AL97,IF(AI97<>"",AI97,"")))))))) | BE97: =IF($AI97="","0",(DATEDIF($AI97,TODAY(),"Y"))) -> 0 | BF97: =IF($AI97="","",(DATEDIF($AI97,TODAY(),"YM"))) | BG97: =IF($AI97="","",(DATEDIF($AI97,TODAY(),"MD")))
A98: 1 | B98: 55082 | C98: A10001 | D98: MEDAN | E98: ANDRI ADRIAN SYAHPUTRA | F98: Kepala Area | G98: =IF(AI98="","Perekrutan",IF(BE98>4,"Tetap",IF(BA98<>"","Kontrak VII",IF(AX98<>"","Kontrak VI",IF(AU98<>"","Kontrak V",IF(AR98<>"","Kontrak IV",IF(AO98<>"","Kontrak III",IF(AL98<>"","Kontrak II",IF(AI98<>"","Kontrak I",""))))))))) -> Kontrak II | H98: =IF(G98="Tetap","",IF(BA98<>"",BB98,IF(AX98<>"",AY98,IF(AU98<>"",AV98,IF(AR98<>"",AS98,IF(AO98<>"",AP98,IF(AL98<>"",AM98,IF(AI98<>"",AJ98,"")))))))) -> 46326 | K98: Medan | L98: 1271202209790004 | M98: 1271202106070025 | N98: Islam | O98: Medan | P98: 29120 | Q98: =IF(P98="","",(DATEDIF(P98,TODAY(),"Y"))) -> 47 | R98: Jl. B Bejo Gg Delima No 14 Medan, RT 002 / RW 002, Kelurahan Pulo Brayan Darat II, Kecamatan Medan Timur, Kota Medan | S98: L | T98: Kawin | U98: K04 | V98: S1 Teknologi Hasil Pertanian | Y98: 085260941411 | Z98: 60403747 | AA98: 484495502113000 | AB98: adrian.affandi2015@gmail.com | AC98: 09 Feb 26 - 28 Feb 2026 | AI98: 46083 | AJ98: 46203 | AK98: =IF(AJ98="","",(DATEDIF(AI98,AJ98,"M")+1)) -> 4 | AL98: 46204 | AM98: 46326 | AN98: =IF(AM98="","",(DATEDIF(AL98,AM98,"M")+1)) -> 4 | AQ98: =IF(AP98="","",(DATEDIF(AO98,AP98,"M")+1)) | AT98: =IF(AS98="","",(DATEDIF(AR98,AS98,"M")+1)) | AW98: =IF(AV98="","",(DATEDIF(AU98,AV98,"M")+1)) | AZ98: =IF(AY98="","",(DATEDIF(AX98,AY98,"M")+1)) | BC98: =IF(BB98="","",(DATEDIF(BA98,BB98,"M")+1)) | BD98: =IF(G98="Tetap","",IF(BA98<>"",BA98,IF(AX98<>"",AX98,IF(AU98<>"",AU98,IF(AR98<>"",AR98,IF(AO98<>"",AO98,IF(AL98<>"",AL98,IF(AI98<>"",AI98,"")))))))) -> 46204 | BE98: =IF($AI98="","0",(DATEDIF($AI98,TODAY(),"Y"))) -> 0 | BF98: =IF($AI98="","",(DATEDIF($AI98,TODAY(),"YM"))) -> 7 | BG98: =IF($AI98="","",(DATEDIF($AI98,TODAY(),"MD"))) -> 1
A99: =A98+1 -> 2 | B99: 55083 | C99: A10002 | D99: MEDAN | E99: HENRY AGUS WIDJAJANTO | F99: Sales Executive (Dropping) | G99: =IF(AI99="","Perekrutan",IF(BE99>4,"Tetap",IF(BA99<>"","Kontrak VII",IF(AX99<>"","Kontrak VI",IF(AU99<>"","Kontrak V",IF(AR99<>"","Kontrak IV",IF(AO99<>"","Kontrak III",IF(AL99<>"","Kontrak II",IF(AI99<>"","Kontrak I",""))))))))) -> Tetap | H99: =IF(G99="Tetap","",IF(BA99<>"",BB99,IF(AX99<>"",AY99,IF(AU99<>"",AV99,IF(AR99<>"",AS99,IF(AO99<>"",AP99,IF(AL99<>"",AM99,IF(AI99<>"",AJ99,"")))))))) | I99: - | J99: 11 | K99: Malang | L99: 3507132307680004 | M99: 3578183007130004 | N99: Kristen | O99: Bojonegoro | P99: 25042 | Q99: =IF(P99="","",(DATEDIF(P99,TODAY(),"Y"))) -> 58 | R99: Jl. Samboja Barat 80, RT 023 / RW 003, Kelurahan Cepokomulyo, Kecamatan Kepanjen, Kabupaten Malang | S99: L | T99: Kawin | U99: K01 | Y99: 081315320504 | Z99: 1912045825 | AA99: 91660665604000 | AB99: hendryaguswidjajanto@gmail.com | AC99: 27 Agust - 30 Sep 2015 | AI99: 42262 | AJ99: 42628 | AK99: =IF(AJ99="","",(DATEDIF(AI99,AJ99,"M")+1)) -> 13 | AL99: 42629 | AM99: 42994 | AN99: =IF(AM99="","",(DATEDIF(AL99,AM99,"M")+1)) -> 13 | AQ99: =IF(AP99="","",(DATEDIF(AO99,AP99,"M")+1)) | AT99: =IF(AS99="","",(DATEDIF(AR99,AS99,"M")+1)) | AW99: =IF(AV99="","",(DATEDIF(AU99,AV99,"M")+1)) | AZ99: =IF(AY99="","",(DATEDIF(AX99,AY99,"M")+1)) | BC99: =IF(BB99="","",(DATEDIF(BA99,BB99,"M")+1)) | BD99: =IF(G99="Tetap","",IF(BA99<>"",BA99,IF(AX99<>"",AX99,IF(AU99<>"",AU99,IF(AR99<>"",AR99,IF(AO99<>"",AO99,IF(AL99<>"",AL99,IF(AI99<>"",AI99,"")))))))) | BE99: =IF($AI99="","0",(DATEDIF($AI99,TODAY(),"Y"))) -> 11 | BF99: =IF($AI99="","",(DATEDIF($AI99,TODAY(),"YM"))) -> 0 | BG99: =IF($AI99="","",(DATEDIF($AI99,TODAY(),"MD"))) -> 18
A100: =A99+1 -> 3 | B100: 55084 | C100: A10003 | D100: MEDAN | E100: GUNTUR YOSO NASUTION | F100: Sales Executive (Dropping) | G100: =IF(AI100="","Perekrutan",IF(BE100>4,"Tetap",IF(BA100<>"","Kontrak VII",IF(AX100<>"","Kontrak VI",IF(AU100<>"","Kontrak V",IF(AR100<>"","Kontrak IV",IF(AO100<>"","Kontrak III",IF(AL100<>"","Kontrak II",IF(AI100<>"","Kontrak I",""))))))))) -> Kontrak IV | H100: =IF(G100="Tetap","",IF(BA100<>"",BB100,IF(AX100<>"",AY100,IF(AU100<>"",AV100,IF(AR100<>"",AS100,IF(AO100<>"",AP100,IF(AL100<>"",AM100,IF(AI100<>"",AJ100,"")))))))) -> 46660 | I100: - | J100: 7 | K100: Medan | L100: 1271170205940002 | M100: 1271170501180002 | N100: Islam | O100: Jakarta | P100: 34456 | Q100: =IF(P100="","",(DATEDIF(P100,TODAY(),"Y"))) -> 32 | R100: Jl. D.I Panjaitan No. 141, RT 000 / RW 000, Desa Babura, Kecamatan Medan Baru, Kota Medan | S100: L | T100: Kawin | U100: K01 | V100: S1 Ekonomi | Y100: 08131966619 | Z100: 1869258434 | AA100: 439043605121000 | AB100: guntur_yoso@yahoo.com | AC100: Sales Lepas | AI100: 45916 | AJ100: 46053 | AK100: =IF(AJ100="","",(DATEDIF(AI100,AJ100,"M")+1)) -> 5 | AL100: 46054 | AM100: 46173 | AN100: =IF(AM100="","",(DATEDIF(AL100,AM100,"M")+1)) -> 4 | AO100: 46174 | AP100: 46295 | AQ100: =IF(AP100="","",(DATEDIF(AO100,AP100,"M")+1)) -> 4 | AR100: 46296 | AS100: 46660 | AT100: =IF(AS100="","",(DATEDIF(AR100,AS100,"M")+1)) -> 12 | AW100: =IF(AV100="","",(DATEDIF(AU100,AV100,"M")+1)) | AZ100: =IF(AY100="","",(DATEDIF(AX100,AY100,"M")+1)) | BC100: =IF(BB100="","",(DATEDIF(BA100,BB100,"M")+1)) | BD100: =IF(G100="Tetap","",IF(BA100<>"",BA100,IF(AX100<>"",AX100,IF(AU100<>"",AU100,IF(AR100<>"",AR100,IF(AO100<>"",AO100,IF(AL100<>"",AL100,IF(AI100<>"",AI100,"")))))))) -> 46296 | BE100: =IF($AI100="","0",(DATEDIF($AI100,TODAY(),"Y"))) -> 1 | BF100: =IF($AI100="","",(DATEDIF($AI100,TODAY(),"YM"))) -> 0 | BG100: =IF($AI100="","",(DATEDIF($AI100,TODAY(),"MD"))) -> 17
...

Sheet Email
B1: BATU KARANG | C1: batukarang153.id@gmail.com
B4: REGION | C4: AREA | D4: KEPALA AREA | E4: REKENING | F4: JABATAN | G4: EMAIL | H4: KANTOR UTAMA
B5: SUMATRA | C5: PEMATANG SIANTAR 2 SAMOSIR & DAIRI (PS2SD) | D5: Erwin | E5: =VLOOKUP($D5,'Data Karyawan NEW'!$B$4:$AA$295,18,0) -> 0155390231 | F5: Kepala Area (Executive) | G5: erwin_deposiantar@yahoo.co.id | H5: Kabupaten Simalungun | J5: =_xludf.TEXTJOIN(" ",1,G5:G26) -> #NAME?
C6: PEMATANG SIANTAR 1 & SAMOSIR (PS1S) | D6: Bambang Heru Legowo | E6: =VLOOKUP($D6,'Data Karyawan NEW'!$B$4:$AA$295,18,0) -> 0588065593 | F6: Kepala Area | G6: divisipenjualanps1s92@yahoo.com | H6: Kota Pematang Siantar | J6: erwin_deposiantar@yahoo.co.id divpenjualanasahan2@gmail.com divpenjualanasahan1@gmail.com bkrdairikaripakatt@gmail.com areabsbd01@gmail.com areamedan0105@gmail.com labuhanbatu1@yahoo.com divpenjualanlb2@gmail.com bkrtobasa@gmail.com depolabuhanbatu1@gmail.com batukarangcablampung@gmail.com subagiyo45@yahoo.co.id bkrbiereun@gmail.com bkrntt2@gmail.com batukarangalor@gmail.com bkrlembatanttntt@gmail.com kotakupangrote@yahoo.com kabupatenkupang@yahoo.com bkrnttvii@gmail.com ntt8ende@gmail.com bkrsulawesiutara@yahoo.com minahasatondano.0025@gmail.com bkbolmong2026@gmail.com
C7: ASAHAN | D7: Ramses | E7: =VLOOKUP($D7,'Data Karyawan NEW'!$B$4:$AA$295,18,0) -> 834471868 | F7: Kepala Area | G7: divpenjualanasahan1@gmail.com | H7: Kabupaten Asahan
C8: BATUBARA & SERDANG BEDAGAI | D8: Osin Freddy Sidabutar | E8: =VLOOKUP($D8,'Data Karyawan NEW'!$B$4:$AA$295,18,0) -> 0407189030 | F8: Kepala Area | G8: areabsbd01@gmail.com | H8: Kota Tebing Tinggi
C9: MEDAN | D9: Andri Adrian Syahputra | F9: Kepala Area | G9: areamedan0105@gmail.com | H9: Kota Medan
C10: LABUHAN BATU & LABUHAN BATU UTARA (LLU) | D10: Sugeng Santoso | E10: =VLOOKUP($D10,'Data Karyawan NEW'!$B$4:$AA$295,18,0) -> 1130012192 | F10: Kepala Area | G10: labuhanbatu1@yahoo.com | H10: Kabupaten Labuhanbatu
C11: LABUHAN BATU SELATAN &ROKAN HILIR (LSR) | D11: Andi Ismunandar | E11: =VLOOKUP($D11,'Data Karyawan NEW'!$B$4:$AA$295,18,0) -> 0896541620 | F11: Kepala Area | G11: divpenjualanlb2@gmail.com | H11: Kabupaten Labuhanbatu
C12: TOBA & TAPANULI UTARA (TTU) | D12: Meslan | E12: =VLOOKUP($D12,'Data Karyawan NEW'!$B$4:$AA$295,18,0) -> 0839937030 | F12: Kepala Area | G12: bkrtobasa@gmail.com | H12: Kabupaten Toba
C13: GUDANG INDUK | D13: Donny Stevanus | E13: =VLOOKUP($D13,'Data Karyawan NEW'!$B$4:$AA$295,18,0) -> 1654056600 | F13: Manager Regional Area | G13: depolabuhanbatu1@gmail.com | H13: Kabupaten Labuhanbatu
B14: LAMPUNG | C14: LAMPUNG | D14: Suharijono | E14: =VLOOKUP($D14,'Data Karyawan NEW'!$B$4:$AA$295,18,0) -> #N/A | F14: Kepala Area (Eksternal) | G14: batukarangcablampung@gmail.com | H14: Kota Bandar Lampung
B15: ACEH | C15: NAD 1 TAKENGON | D15: Subagiyo | E15: =VLOOKUP($D15,'Data Karyawan NEW'!$B$4:$AA$295,18,0) -> 1945203498 | F15: Kepala Area | G15: subagiyo45@yahoo.co.id | H15: Kabupaten Aceh Tengah
C16: NAD 2 BIREUEN | D16: Handy | E16: =VLOOKUP($D16,'Data Karyawan NEW'!$B$4:$AA$295,18,0) -> 0969759206 | F16: Plt. Kepala Area | G16: bkrbiereun@gmail.com | H16: Kabupaten Bireuen
B17: NTT | C17: ATAMBUA & KEFAMENANU (NTT 2) | D17: Plasidus Uga | E17: =VLOOKUP($D17,'Data Karyawan NEW'!$B$4:$AA$295,18,0) -> 1413718119 | F17: Plt. Kepala Area | G17: bkrntt2@gmail.com | H17: Kabupaten Belu
C18: ALOR (NTT 3) | D18: Maximus Sandur | E18: =VLOOKUP($D18,'Data Karyawan NEW'!$B$4:$AA$295,18,0) -> 0 | F18: Plt. Kepala Area | G18: batukarangalor@gmail.com | H18: Kabupaten Alor
C19: LEMBATA (NTT 4) | D19: Yosef Robinson Lamen Rimong | E19: =VLOOKUP($D19,'Data Karyawan NEW'!$B$4:$AA$295,18,0) -> 0 | F19: Plt. Kepala Area | G19: bkrlembatanttntt@gmail.com | H19: Kabupaten Lembata
C20: KOTA KUPANG & ROTE | D20: Yoga E Kapitan | E20: =VLOOKUP($D20,'Data Karyawan NEW'!$B$4:$AA$295,18,0) -> #N/A | F20: Plt. Kepala Area | G20: kotakupangrote@yahoo.com | H20: Kabupaten Kupang
C21: KAB KUPANG | D21: Djovan Paulus Rihi | E21: =VLOOKUP($D21,'Data Karyawan NEW'!$B$4:$AA$295,18,0) -> 0 | F21: Plt. Kepala Area | G21: kabupatenkupang@yahoo.com | H21: Kabupaten Kupang
C22: SOE (NTT 7) | D22: Johanis Markus Diaz | E22: =VLOOKUP($D22,'Data Karyawan NEW'!$B$4:$AA$295,18,0) -> 0 | F22: Kepala Area | G22: bkrnttvii@gmail.com | H22: Kabupaten Timor Tengah Selatan
C23: ENDE (NTT 8) | D23: Yermi Edison Luan | E23: =VLOOKUP($D23,'Data Karyawan NEW'!$B$4:$AA$295,18,0) -> 0 | F23: Plt. Kepala Area | G23: 153areaende@gmail.com | H23: Kabupaten Ende
B24: SULAWESI | C24: MINAHASA (SULUT) | D24: HENRY JEANRY KURNIAWAN KEINTJEM | E24: =VLOOKUP($D24,'Data Karyawan NEW'!$B$4:$AA$295,18,0) -> 1406867454 | F24: Ka Area | G24: bkrsulawesiutara@yahoo.com | H24: Kabupaten Minahasa Utara
C25: MINAHASA SELATAN TONDANO TOMOHON | D25: Rivaldo Marlon Salmon | E25: =VLOOKUP($D25,'Data Karyawan NEW'!$B$4:$AA$295,18,0) -> 1532923244 | F25: Ka Area | G25: minahasatondano.0025@gmail.com | H25: Kabupaten Minahasa
C26: BOLA'ANG MONGONDO | D26: Thomas Sugiarto | E26: =VLOOKUP($D26,'Data Karyawan NEW'!$B$4:$AA$295,18,0) -> 244147945 | F26: Kepala Area (Executive) | G26: bkbolmong2026@gmail.com | H26: Kota Kotamobagu
B27: JAWA BARAT | C27: KABUPATEN BOGOR | D27: HERMANWAN SULAKSONO | E27: =VLOOKUP($D27,'Data Karyawan NEW'!$B$4:$AA$295,18,0) -> #N/A | F27: Plt. Kepala Area | G27: bkrbogor026@gmail.com | H27: Kota Bogor

Sheet ABSEN
D1: 46110 | E1: =D1+1 -> 46111 | G1: =E1+1 -> 46112 | I1: =G1+1 -> 46113 | K1: =I1+1 -> 46114 | M1: =K1+1 -> 46115 | O1: =M1+1 -> 46116
A2: NO | B2: NAMA | C2: JABATAN | D2: MINGGU | E2: SENIN | G2: SELASA | I2: RABU | K2: KAMIS | M2: JUMAT | O2: SABTU | Q2: MINGGU
A3: GUDANG INDUK
A4: 1 | B4: DONNY STEVANUS | C4: Manager Operasional
A5: =A4+1 -> 2 | B5: ANDRI ADRIAN SYAHPUTRA | C5: Kepala Penjualan TO
A6: =A5+1 -> 3 | B6: RAFICA DWI ANANTA | C6: Admin Gudang Induk merangkap Kepala Gd. Induk
A7: =A6+1 -> 4 | B7: DINDA KARINA | C7: Admin Area
A8: =A7+1 -> 5 | B8: SUGENG DEDY ATMAJA | C8: Asisten Manager
A9: =A8+1 -> 6 | B9: KHAIRUDDIN | C9: Sales TO
A10: =A9+1 -> 7 | B10: RAHMAD SYUKUR RITONGA | C10: Sopir
A11: =A10+1 -> 8 | B11: ALPIN RINALDI | C11: Calon Sopir
A12: =A11+1 -> 9 | B12: DEDY HARIADI | C12: Calon Sopir
A13: =A12+1 -> 10 | B13: YUSUF HAMDANI | C13: Ca Pekerja Harian Gdg
A14: =A13+1 -> 11 | B14: FEBRIANSYAH | C14: Ca Pekerja Harian Gdg
A16: LABUHANBATU & LABUHANBATU UTARA
A17: 1 | B17: SUGENG SANTOSO | C17: Ka. Area
A18: =A17+1 -> 2 | B18: RIDHO FUSANTO | C18: Ka Sales
A19: =A18+1 -> 3 | B19: RUDI ANTONI | C19: Ka Sales
A20: =A19+1 -> 4 | B20: THERESIA WIDI ASTUTY | C20: Admin Area
A21: =A20+1 -> 5 | B21: IRFADLI NASUTION | C21: Sales
A22: =A21+1 -> 6 | B22: REZA SYAHPUTRA | C22: Sales
A23: =A22+1 -> 7 | B23: FERDY ARYANSYAH KSATRIA RANGKUTI | C23: Sales
A24: =A23+1 -> 8 | B24: RAMADANI | C24: Sales
A25: =A24+1 -> 9 | B25: DEDY IRSYADH | C25: Sales
A26: =A25+1 -> 10 | B26: SURATMAN | C26: Sales
A27: =A26+1 -> 11 | B27: MARGI TRIYADI | C27: Sales
A28: =A27+1 -> 12 | B28: KHAIRUL IMAM | C28: Sopir
A30: PEMATANG SIANTAR 2 & SAMOSIR
A31: 1 | B31: ERWIN | C31: Ka. Area (Executive)
A32: =A31+1 -> 2 | B32: MASIH ANJAYA | C32: Ka. Sales
A33: =A32+1 -> 3 | B33: SEGER | C33: (Plt.) Ka. Sales
A34: =A33+1 -> 4 | B34: HERMANSYAH SIREGAR | C34: (Plt.) Ka. Sales
A35: =A34+1 -> 5 | B35: SRI WAHYUNI | C35: Admin Area (A)
A36: =A35+1 -> 6 | B36: ANTONI | C36: Sales
A37: =A36+1 -> 7 | B37: ARDIANSYAH | C37: Sales
A38: =A37+1 -> 8 | B38: SOFIAN | C38: Sales
A39: =A38+1 -> 9 | B39: RAYHAN ERLIA F | C39: Sales
A40: =A39+1 -> 10 | B40: AHMADI PRABOWO | C40: Sales
A41: =A40+1 -> 11 | B41: IQHBAL DWI PANGGA | C41: Sales
A42: =A41+1 -> 12 | B42: YOPPI PRAYUGO | C42: Sales
A43: =A42+1 -> 13 | B43: JAMES BONIFASIUS MANULLANG | C43: Sales
... A51: =A50+1 -> 21 | B51: IMAMSYAH SEMBIRING | C51: Sopir
A53: LABUHANBATU SELATAN & ROKAN HILIR
A54: 1 | B54: ANDI ISMUNANDAR | C54: Ka. Area
A55: =A54+1 -> 2 | B55: ADI HENRATNO | C55: Ka. Sales
A56: =A55+1 -> 3 | B56: ANWIR NASUTION | C56: Ka. Sales
A57: =A56+1 -> 4 | B57: TIA ARDILA RITONGA | C57: Admin Area
A58: =A57+1 -> 5 | B58: AZI ARDIAN | C58: Sales
A59: =A58+1 -> 6 | B59: EKO HIDAYAT | C59: Sales
A60: =A59+1 -> 7 | B60: KIKI RISZKI | C60: Sales
A61: =A60+1 -> 8 | B61: ZULFADLI RAUL NASUTION | C61: Sopir
A63: ASAHAN
A64: 1 | B64: RAMSES | C64: Ka. Area
A65: =A64+1 -> 2 | B65: PONIMAN | C65: Ka. Sales
A66: =A65+1 -> 3 | B66: EKO BUDI SARWONO | C66: Ka. Sales
A67: =A66+1 -> 4 | B67: NOVIA DINIA | C67: Admin Area
A68: =A67+1 -> 5 | B68: SAMSUL MARPAUNG | C68: Sales
A69: =A68+1 -> 6 | B69: SUMERI | C69: Sales
A70: =A69+1 -> 7 | B70: SUMARNO | C70: Sales
A71: =A70+1 -> 8 | B71: MUH. MACHSUM AFFANDI | C71: Sales
A72: =A71+1 -> 9 | B72: DARMA SISWANTO | C72: Sales
A74: PEMATANG SIANTAR 1 & SAMOSIR
A75: 1 | B75: BAMBANG HERU LEGOWO | C75: Ka. Area
A76: =A75+1 -> 2 | B76: RAMADANI | C76: Ka. Sales
A77: =A76+1 -> 3 | B77: RUDI KURNIAWAN | C77: Ka. Sales
A78: =A77+1 -> 4 | B78: ANGGI ARULI | C78: Ka. Sales
A79: =A78+1 -> 5 | B79: HIQBAL MUHAMMAD SUEB | C79: Plt. Ka Sales
A80: =A7+1 -> 5 | B80: LINA MAWARNI | C80: Admin Area
A81: =A80+1 -> 6 | B81: MUHAMMAD ALI | C81: Sales
A82: =A81+1 -> 7 | B82: GUNAWAN | C82: Sales
A83: =A82+1 -> 8 | B83: DODY SETIAWAN | C83: Sales
A84: =A83+1 -> 9 | B84: JOKO SUSANDY | C84: Sales
A85: =A84+1 -> 10 | B85: RIANTO | C85: Sales
A86: =A85+1 -> 11 | B86: KOKO HARDINATA | C86: Sales
A87: =A86+1 -> 12 | B87: FERRY IRAWAN | C87: Sales
A88: =A87+1 -> 13 | B88: MUHAMMADY QORY ACHYAR HUTAGAOL | C88: Sales
A89: =A88+1 -> 14 | B89: AMAN LESMANA SIMBOLON | C89: Sales
A90: =A89+1 -> 15 | B90: WAGITO | C90: Sopir
A91: =A90+1 -> 16 | B91: EVITA ZULIANI | C91: Calon Sales
A92: =A91+1 -> 17 | B92: DIANA PITA SARI | C92: Calon Sales
A94: BATUBARA, SERDANG BEDAGAI & DELI SERDANG
A95: 1 | B95: OSIN FREDDY SIDABUTAR | C95: Plt. Ka. Area
A96: =A95+1 -> 2 | B96: HENRY AGUS WIDJAJANTO | C96: Ka. Sales
A97: =A96+1 -> 3 | B97: AMRI SAPUTRA | C97: Ka. Sales
A98: =A97+1 -> 4 | B98: RIFANDI FIRMAN SAPUTRA | C98: Ka. Sales
A99: =A98+1 -> 5 | B99: TIKA MELATI SUKMA | C99: Admin
A100: =A99+1 -> 6 | B100: GUNTUR YOSO NASUTION | C100: Sales
A101: =A100+1 -> 7 | B101: NANDA YATULLAH LUBIS | C101: Sales
A102: =A101+1 -> 8 | B102: TUPON | C102: Sales
A103: =A102+1 -> 9 | B103: WIRADI PUTRA | C103: Sales
A104: =A103+1 -> 10 | B104: MUS FANDI BATUBARA | C104: Sales
A105: =A104+1 -> 11 | B105: EKO WAHYU SAPUTRA | C105: Sales
A106: =A105+1 -> 12 | B106: ABDUL RAHMAN | C106: Sales
A107: =A106+1 -> 13 | B107: NICO ADITYA | C107: Sales
... A117: =A116+1 -> 23 | B117: ALDI SYAHPUTRA SINURAT | C117: Calon Sales
A119: TOBASA & TAPANULI UTARA
A120: 1 | B120: MESLAN | C120: Ka Area
A121: =A120+1 -> 2 | B121: HENDRI SIANTURI | C121: Ka Sales
A122: =A121+1 -> 3 | B122: PUTRI TRESIA MANURUNG | C122: Admin Area
A123: =A122+1 -> 4 | B123: SAYFUL P SIMORANGKING | C123: Sales
...

Sheet Data Karyawan
A1: NO | B1: NAMA | C1: JABATAN | D1: STATUS KERJA | E1: KATEGORI | F1: LEVEL | G1: AREA REKRUT | H1: PENUGASAN | I1: NIK | J1: AGAMA | K1: TEMPAT LAHIR | L1: TANGGAL LAHIR | M1: UMUR | N1: ALAMAT | O1: STATUS KAWIN | P1: JML ANAK | Q1: PENDIDIKAN | R1: NO HP | T1: STATUS KERJA | U1: FREELANCE | AA1: KONTRAK 1 | AD1: KONTRAK 2 | AG1: KONTRAK 3 | AJ1: KONTRAK 4 | AM1: KONTRAK 5 | AP1: KONTRAK 6 | AR1: KONTRAK 7 | AT1: LAMA KERJA
B2: . | U2: 1 | V2: 2 | W2: 3 | X2: 4 | Y2: 5 | Z2: 6 | AA2: AWAL | AB2: AKHIR | AD2: AWAL | AE2: AKHIR | AG2: AWAL | AH2: AKHIR | AJ2: AWAL | AK2: AKHIR | AM2: AWAL | AN2: AKHIR | AP2: AWAL | AQ2: AKHIR | AR2: AWAL | AS2: AKHIR | AT2: TAHUN | AU2: BULAN
A3: GUDANG INDUK | T3: .
A4: 1 | B4: DONNY STEVANUS | C4: Manager Operasional | D4: =T4 -> Tetap | G4: Malang | I4: 3507132001830003 | J4: Kristen | K4: Malang | L4: 30336 | M4: =IF(L4="","",(DATEDIF(L4,TODAY(),"Y"))) -> 43 | N4: Semanding RT 009 RW 004 Desa Curungrejo Kec. Kepanjen Kab. Malang | O4: Kawin | P4: K01 | R4: 0813-3361-0040 | T4: Tetap | AA4: 24 Mar 09 – 24 Sep 09 | AD4: 25 Sep 09 – 25 Sep 2010
A5: =A4+1 -> 2 | B5: ANDRI ADRIAN SYAHPUTRA | C5: Kepala Penjualan TO | D5: =T5 -> Kontrak I | G5: Labuhanbatu | I5: 1271202209790004 | J5: Islam | K5: Medan | L5: 29120 | M5: =IF(L5="","",(DATEDIF(L5,TODAY(),"Y"))) -> 47 | N5: Jl. B Bejo Gg Delima No 14 Medan RT 002 RW 002 Kel. Pulo Brayan Darat II Kec. Medan Timur Kota Medan, Sumut | O5: Kawin | P5: K04 | Q5: S1 Teknologi Hasil Pertanian | R5: 0853-6094-1411 | T5: Kontrak I | U5: 09 Feb 26 - 28 Feb 2026 | AA5: 02 Mar 26 - 30 Jun 2026 | AC5: =IF(AB5="","",(DATEDIF(AA5,AB5,"M")+1)) | AF5: =IF(AE5="","",(DATEDIF(AD5,AE5,"M")+1)) | AI5: =IF(AH5="","",(DATEDIF(AG5,AH5,"M")+1)) | AL5: =IF(AK5="","",(DATEDIF(AJ5,AK5,"M")+1)) | AO5: =IF(AN5="","",(DATEDIF(AM5,AN5,"M")+1))
A6: =A5+1 -> 3 | B6: RAFICA DWI ANANTA | C6: Admin Gudang Induk merangkap Kepala Gd. Induk | D6: =T6 -> Tetap | E6: B | F6: 7 | G6: Labuhanbatu-Sumut II | I6: 1271202209790004 | J6: Islam | K6: Rantauprapat | L6: 35060 | M6: =IF(L6="","",(DATEDIF(L6,TODAY(),"Y"))) -> 30 | N6: Jl Tirta Bina No.103 RT 001 RW 001 Desa Rantauprapat Kec. Rantau Utara Kab. Labuhanbatu Sumut | O6: Kawin | P6: K01 | Q6: S1 | R6: 0813-6461-5493 | T6: Tetap | U6: 02 Mei 2019 - 04 Juni 2019 | AA6: 10 Jun 19 - 10 Des 2019 | AC6: =IF(AB6="","",(DATEDIF(AA6,AB6,"M")+1)) | AD6: 11 Des 19 - 11 Jun 2020 | AF6: =IF(AE6="","",(DATEDIF(AD6,AE6,"M")+1)) | AG6: 12 Jun 20 - 12 Jun 2022 | AI6: =IF(AH6="","",(DATEDIF(AG6,AH6,"M")+1)) | AJ6: 13 Jun 22 - 30 Jun 2024 | AL6: =IF(AK6="","",(DATEDIF(AJ6,AK6,"M")+1)) | AO6: =IF(AN6="","",(DATEDIF(AM6,AN6,"M")+1))
A7: =A6+1 -> 4 | B7: DINDA KARINA | C7: Admin Area | D7: =T7 -> Kontrak IV | E7: A | F7: 3 | G7: Kab. Asahan | I7: 1209126505990001 | J7: Islam | K7: Pekan Baru | L7: 36303 | M7: =IF(L7="","",(DATEDIF(L7,TODAY(),"Y"))) -> 27 | N7: Dusun IV Pulau Maria RT / RW 000 Desa Pulau Maria Kec. Teluk Dalam Kab. Asahan Sumut | O7: Blm Kawin | P7: - | Q7: S1 Pertanian | R7: 0858-8812-4875 | T7: Kontrak IV | U7: 14 Okt 24 - 12 Nov 2024 | AA7: 13 Nov 24 - 31 Mar 2025 | AC7: =IF(AB7="","",(DATEDIF(AA7,AB7,"M")+1)) | AD7: 01 Apr 25 - 31 Jul 2025 | AF7: =IF(AE7="","",(DATEDIF(AD7,AE7,"M")+1)) | AG7: 01 Agt 25 - 30 Nov 2025 | AI7: =IF(AH7="","",(DATEDIF(AG7,AH7,"M")+1)) | AJ7: 01 Des 25 - 30 Nov 2026 | AL7: =IF(AK7="","",(DATEDIF(AJ7,AK7,"M")+1)) | AO7: =IF(AN7="","",(DATEDIF(AM7,AN7,"M")+1))
A8: =A7+1 -> 5 | B8: SUGENG DEDI ATMAJA | C8: Asisten Manager | D8: =T8 -> Kontrak I | G8: Kota Pekanbaru | I8: 1471090409830102 | J8: Islam | K8: Bukit Tinggi | L8: 30563 | M8: =IF(L8="","",(DATEDIF(L8,TODAY(),"Y"))) -> 43 | N8: Jl. Rowo Bening Perum Permata Bening THP 7 Blok G No. 3 RT 001 RW 010 Kel. Sidomulyo Barat Kec. Tuahmadani Kota Pekanbaru, Riau | O8: Kawin | P8: K02 | Q8: S1 Ekonomi Management | R8: 0811-7535-923 | T8: Kontrak I | U8: 13 Jan 26 - 31 Jan 2026 | AA8: 02 Feb 26 - 30 Mei 2026 | AC8: =IF(AB8="","",(DATEDIF(AA8,AB8,"M")+1)) | AF8: =IF(AE8="","",(DATEDIF(AD8,AE8,"M")+1)) | AI8: =IF(AH8="","",(DATEDIF(AG8,AH8,"M")+1)) | AL8: =IF(AK8="","",(DATEDIF(AJ8,AK8,"M")+1)) | AO8: =IF(AN8="","",(DATEDIF(AM8,AN8,"M")+1))
A9: =A8+1 -> 6 | B9: KHAIRUDDIN | C9: Sales Executive (Dropping) | D9: =T9 -> Kontrak IV | E9: - | F9: 7 | G9: Kab. Rokan Hilir | I9: 1407102502830003 | J9: Islam | K9: A. Jamu | L9: 30372 | M9: =IF(L9="","",(DATEDIF(L9,TODAY(),"Y"))) -> 43 | N9: Jl. Sisingamangaraja Raja RT 001 RW 010 Desa Bagan Batu Kota Kec. Bagan Sinembah Kab. Rokan Hilir Prov. Riau | O9: Cerai Hidup | R9: 0822-1568-2435 | T9: Kontrak IV | U9: Freelance | AA9: 14 Jun 22 - 31 Okt 2022 | AC9: =IF(AB9="","",(DATEDIF(AA9,AB9,"M")+1)) | AD9: 01 Nov 22 - 31 Okt 2023 | AF9: =IF(AE9="","",(DATEDIF(AD9,AE9,"M")+1)) | AG9: 01 Nov 23 - 31 Okt 2024 | AI9: =IF(AH9="","",(DATEDIF(AG9,AH9,"M")+1)) | AJ9: 01 Nov 24 - 30 Jun 2027 | AL9: =IF(AK9="","",(DATEDIF(AJ9,AK9,"M")+1)) | AO9: =IF(AN9="","",(DATEDIF(AM9,AN9,"M")+1))
A10: =A9+1 -> 7 | B10: RAHMAD SYUKUR RITONGA | C10: Sopir | D10: =T10 -> Kontrak II | E10: - | F10: - | G10: Kab. Labuhanbatu | I10: 1210020609020004 | J10: Islam | K10: Rantauprapat | L10: 37505 | M10: =IF(L10="","",(DATEDIF(L10,TODAY(),"Y"))) -> 24 | N10: Jl. Suka Dame Lingk. Simp. IV Padang Pasir RT / RW 000 Desa Urung Kompas Kec. Rantau Selatan Kab. Labuhanbatu Sumut | O10: Belum Kawin | P10: - | Q10: SMK | R10: 0822-6747-5282 | T10: Kontrak II | U10: Sopir Lepas | AA10: 16 Sep 25 - 31 Jan 2026 | AC10: =IF(AB10="","",(DATEDIF(AA10,AB10,"M")+1)) | AD10: 01 Feb - 31 Mei 2026 | AF10: =IF(AE10="","",(DATEDIF(AD10,AE10,"M")+1)) | AI10: =IF(AH10="","",(DATEDIF(AG10,AH10,"M")+1)) | AL10: =IF(AK10="","",(DATEDIF(AJ10,AK10,"M")+1)) | AO10: =IF(AN10="","",(DATEDIF(AM10,AN10,"M")+1))
A11: =A10+1 -> 8 | B11: ALPIN RINALDI | C11: Sopir | D11: =T11 -> Freelance | G11: Pekan Baru | I11: 1408040411980006 | J11: Islam | K11: Pekan Baru | L11: 36103 | M11: =IF(L11="","",(DATEDIF(L11,TODAY(),"Y"))) -> 27 | N11: Jl. Utama No. 11 RT 001, RW 007, Kel Rejo Sari, Kec. Tenayan Raya, Kota Pekanbaru | O11: Kawin | P11: K03 | Q11: S1 | T11: Freelance | U11: 10 Feb - 22 Apr 2026 | AC11: =IF(AB11="","",(DATEDIF(AA11,AB11,"M")+1)) | AF11: =IF(AE11="","",(DATEDIF(AD11,AE11,"M")+1)) | AI11: =IF(AH11="","",(DATEDIF(AG11,AH11,"M")+1)) | AL11: =IF(AK11="","",(DATEDIF(AJ11,AK11,"M")+1)) | AO11: =IF(AN11="","",(DATEDIF(AM11,AN11,"M")+1))
A12: =A11+1 -> 9 | B12: DEDY HARIADI | C12: Calon Sopir | D12: =T12 -> Freelance | G12: Kota Pekanbaru | I12: 1471102507930003 | J12: Islam | K12: Pekanbaru | L12: 34175 | M12: =IF(L12="","",(DATEDIF(L12,TODAY(),"Y"))) -> 33 | N12: Jl. Utama No. 28 RT 001, RW 005, Kel. Rejo Sari, Kec. Tenayan Raya, Kota Pekanbaru | O12: Blm Kawin | P12: - | Q12: D3 Keuangan & Perbankan | T12: Freelance | U12: 01-24 Apr 26 | V12: 25 Apr - 19 Mei 26 | W12: 20 Mei - 11 Jun 26 | AC12: =IF(AB12="","",(DATEDIF(AA12,AB12,"M")+1)) | AF12: =IF(AE12="","",(DATEDIF(AD12,AE12,"M")+1)) | AI12: =IF(AH12="","",(DATEDIF(AG12,AH12,"M")+1)) | AL12: =IF(AK12="","",(DATEDIF(AJ12,AK12,"M")+1)) | AO12: =IF(AN12="","",(DATEDIF(AM12,AN12,"M")+1))
A13: =A12+1 -> 10 | B13: RAJES KANDRA RITONGA | C13: Calon Sopir | D13: =T13 -> Freelance | G13: Kab. Labuhanbatu | I13: 1210070603920002 | J13: Islam | K13: Tanjung Beringin | L13: 33669 | M13: =IF(L13="","",(DATEDIF(L13,TODAY(),"Y"))) -> 34 | N13: Dsn Tanjung Beringin RT/RW 000 Kel. Tanjung Medan, Kec. Bilah Barat, Kab. Labuhanbatu | O13: Kawin | P13: K00 | Q13: S1 Matematika | T13: Freelance | U13: 06 - 29 Apr 26 | V13: 30 Apr - 26 Mei 26 | W13: 28 Mei - 22 Juni 26 | AC13: =IF(AB13="","",(DATEDIF(AA13,AB13,"M")+1)) | AF13: =IF(AE13="","",(DATEDIF(AD13,AE13,"M")+1)) | AI13: =IF(AH13="","",(DATEDIF(AG13,AH13,"M")+1)) | AL13: =IF(AK13="","",(DATEDIF(AJ13,AK13,"M")+1)) | AO13: =IF(AN13="","",(DATEDIF(AM13,AN13,"M")+1))
A14: =A13+1 -> 11 | B14: SYAMSUL BAHRI NASUTION | C14: Calon Sopir | D14: Freelance | G14: Kota Pekanbaru | H14: Riau | I14: 1210020908800001 | J14: Islam | K14: Labuhan Bilik | L14: 29442 | M14: =IF(L14="","",(DATEDIF(L14,TODAY(),"Y"))) -> 46 | N14: Jl. Mawar RT 001 RW 002, Kel. Bhayangkara Jaya, Kec. Bagan Sinembah, Kab. Rokan Hilir / Jl. Sentosa, Pekan Baru, Riau | O14: Kawin | P14: K02 | Q14: SMK Teknik Permesinan | T14: Freelance | U14: 29 Apr - 25 Mei 26 | V14: 26 Mei - 22 Jun 26 | W14: 23 Jun - 15 Juli 26 | AC14: =IF(AB14="","",(DATEDIF(AA14,AB14,"M")+1)) | AF14: =IF(AE14="","",(DATEDIF(AD14,AE14,"M")+1)) | AI14: =IF(AH14="","",(DATEDIF(AG14,AH14,"M")+1)) | AL14: =IF(AK14="","",(DATEDIF(AJ14,AK14,"M")+1)) | AO14: =IF(AN14="","",(DATEDIF(AM14,AN14,"M")+1))
A15: =A14+1 -> 12 | B15: YUSUF HAMDANI | C15: Ca Pekerja Harian Gdg | D15: =T15 -> Freelance | G15: Kab. Labuhanbatu | I15: 1210012303010005 | J15: Islam | K15: Rantauprapat | L15: 36973 | M15: =IF(L15="","",(DATEDIF(L15,TODAY(),"Y"))) -> 25 | N15: Gg. Mesjid Al Musahada / LK. Padat Karya, RT/RW 000, Kel. Bakaran Batu, Kec. Rantau Selatan, Kab. Labuhanbatu | O15: Belum Kawin | P15: - | Q15: SMA IPS | R15: 083184415910 | T15: Freelance | AC15: =IF(AB15="","",(DATEDIF(AA15,AB15,"M")+1)) | AF15: =IF(AE15="","",(DATEDIF(AD15,AE15,"M")+1)) | AI15: =IF(AH15="","",(DATEDIF(AG15,AH15,"M")+1)) | AL15: =IF(AK15="","",(DATEDIF(AJ15,AK15,"M")+1)) | AO15: =IF(AN15="","",(DATEDIF(AM15,AN15,"M")+1))
A16: =A15+1 -> 13 | B16: FEBRIANSYAH | C16: Ca Pekerja Harian Gdg | D16: =T16 -> Freelance | G16: Kab. Labuhanbatu | I16: 1210072202040001 | J16: Islam | K16: Padang Laut | L16: 38040 | M16: =IF(L16="","",(DATEDIF(L16,TODAY(),"Y"))) -> 22 | N16: Padang Laut RT/RW 001, Kel. Tanjung Medan, Kec. Bilah Barat, Kab. Labuhanbatu | O16: Blm Kawin | P16: - | Q16: SMA | T16: Freelance | U16: 01-24 Apr 26 | V16: 25 Apr - 19 Mei 26 | W16: 20 Mei - 11 Jun 26 | AC16: =IF(AB16="","",(DATEDIF(AA16,AB16,"M")+1)) | AF16: =IF(AE16="","",(DATEDIF(AD16,AE16,"M")+1)) | AI16: =IF(AH16="","",(DATEDIF(AG16,AH16,"M")+1)) | AL16: =IF(AK16="","",(DATEDIF(AJ16,AK16,"M")+1)) | AO16: =IF(AN16="","",(DATEDIF(AM16,AN16,"M")+1))
A17: LABUHANBATU & LABUHANBATU UTARA | D17: =T17 -> . | M17: =IF(L17="","",(DATEDIF(L17,TODAY(),"Y"))) | T17: . | AC17: =IF(AB17="","",(DATEDIF(AA17,AB17,"M")+1)) | AF17: =IF(AE17="","",(DATEDIF(AD17,AE17,"M")+1)) | AI17: =IF(AH17="","",(DATEDIF(AG17,AH17,"M")+1)) | AL17: =IF(AK17="","",(DATEDIF(AJ17,AK17,"M")+1)) | AO17: =IF(AN17="","",(DATEDIF(AM17,AN17,"M")+1))
A18: 1 | B18: SUGENG SANTOSO | C18: Ka. Area | D18: =T18 -> Tetap | G18: Malang | I18: 1104112606700002 | J18: Islam | K18: Probolinggo | L18: 25745 | M18: =IF(L18="","",(DATEDIF(L18,TODAY(),"Y"))) -> 56 | N18: Simpang 4 Gunung Bukit Kebanyakan Aceh Tengah | O18: Kawin | P18: K01 | R18: 0813-6066-7140 | T18: Tetap | U18: 09 Juli 2007 – 21 Juli 2007 | AA18: 23 Jul 07 – 22 Jan 08 | AC18: =IF(AB18="","",(DATEDIF(AA18,AB18,"M")+1)) | AD18: 23 Jan 08 – 22 Jul 08 | AF18: =IF(AE18="","",(DATEDIF(AD18,AE18,"M")+1)) | AI18: =IF(AH18="","",(DATEDIF(AG18,AH18,"M")+1)) | AL18: =IF(AK18="","",(DATEDIF(AJ18,AK18,"M")+1)) | AO18: =IF(AN18="","",(DATEDIF(AM18,AN18,"M")+1))
A19: =A18+1 -> 2 | B19: RIDHO FUSANTO | C19: Ka Sales | D19: =T19 -> Tetap | E19: A | F19: 9 | G19: Kab. Labuhanbatu | I19: 1210141109910001 | J19: Islam | K19: Sidodadi | L19: 33492 | M19: =IF(L19="","",(DATEDIF(L19,TODAY(),"Y"))) -> 35 | N19: Dusun Sidodadi B RT / RW 000 Desa Kampung Padang Kec. Pangkatan Kab. Labuhanbatu | O19: Kawin | P19: K02 | Q19: SMK | R19: 0813-6049-0566 | T19: Tetap | U19: Dari GBP 09 Sep 2024 | AA19: 09 Sep 24 - 31 Jan 2025 (9 Mar 2020) | AC19: =IF(AB19="","",(DATEDIF(AA19,AB19,"M")+1)) | AD19: 01 Feb 25 - 31 Mar 2025 | AF19: =IF(AE19="","",(DATEDIF(AD19,AE19,"M")+1)) | AI19: =IF(AH19="","",(DATEDIF(AG19,AH19,"M")+1)) | AL19: =IF(AK19="","",(DATEDIF(AJ19,AK19,"M")+1)) | AO19: =IF(AN19="","",(DATEDIF(AM19,AN19,"M")+1))
A20: =A19+1 -> 3 | B20: RUDI ANTONI | C20: Ka Sales | D20: =T20 -> Kontrak IV | E20: A | F20: 9 | G20: Kab. Labuhanbatu | I20: 1222012102850003 | J20: Islam | K20: Gunung Melayu | L20: 31099 | M20: =IF(L20="","",(DATEDIF(L20,TODAY(),"Y"))) -> 41 | N20: Jl. Manap Lubis Kampung Sawah RT / RW 0 Desa Sirandorung Kec. Rantau Utara Kab. Labuhanbatu Sumatera Utara | O20: Kawin | P20: K02 | Q20: SMA | R20: 0812-6874-8220 | T20: Kontrak IV | U20: Freelance | AA20: 01 Agt 24 - 30 Nov 2024 | AC20: =IF(AB20="","",(DATEDIF(AA20,AB20,"M")+1)) | AD20: 01 Des 24 - 30 Nov 2025 | AF20: =IF(AE20="","",(DATEDIF(AD20,AE20,"M")+1)) | AG20: 01 Des 25 - 31 Mar 2026 | AI20: =IF(AH20="","",(DATEDIF(AG20,AH20,"M")+1)) | AJ20: 46113 | AK20: 46477 | AL20: =IF(AK20="","",(DATEDIF(AJ20,AK20,"M")+1)) -> 12 | AO20: =IF(AN20="","",(DATEDIF(AM20,AN20,"M")+1))
A21: =A20+1 -> 4 | B21: THERESIA WIDI ASTUTY | C21: Admin Area | D21: =T21 -> Tetap | E21: A | F21: 3 | G21: Kab. Labuhanbatu | I21: 1210015306860002 | J21: Kristen | K21: Rantauprapat | L21: 31576 | M21: =IF(L21="","",(DATEDIF(L21,TODAY(),"Y"))) -> 40 | N21: Kompleks SMP N 3 RT / RW 000 Desa Padang Matinggi Kec. Rantau Utara, Kab. Labuhanbatu | O21: Belum Kawin | P21: - | Q21: S1 Akuntansi | R21: 0822-6703-3255 | T21: Tetap | U21: Dari GBP 09 Sep 2024 | AA21: 09 Sep 24 - 31 Jan 2025 ( 01 Feb 2020 ) | AC21: =IF(AB21="","",(DATEDIF(AA21,AB21,"M")+1)) | AF21: =IF(AE21="","",(DATEDIF(AD21,AE21,"M")+1)) | AI21: =IF(AH21="","",(DATEDIF(AG21,AH21,"M")+1)) | AL21: =IF(AK21="","",(DATEDIF(AJ21,AK21,"M")+1)) | AO21: =IF(AN21="","",(DATEDIF(AM21,AN21,"M")+1))
A22: =A21+1 -> 5 | B22: IRFADLI NASUTION | C22: Sales | D22: =T22 -> Tetap | E22: A | F22: 3 | G22: Kab. Labuhanbatu | I22: 1210140405980002 | J22: Islam | K22: Kampung Lestari | L22: 35919 | M22: =IF(L22="","",(DATEDIF(L22,TODAY(),"Y"))) -> 28 | N22: Dsn. Lestari RT / RW 0 Desa Kampung Padang Kec. Pangkatan Kab. Labuhanbatu Sumut | O22: Belum kawin | P22: - | R22: 0813-6234-0293 | T22: Tetap | U22: 03 - 08 Feb 2020 | AA22: 10 Feb 20 - 10 Mei 2020 | AC22: =IF(AB22="","",(DATEDIF(AA22,AB22,"M")+1)) | AD22: 11 Mei 20 - 19 Des 2020 | AF22: =IF(AE22="","",(DATEDIF(AD22,AE22,"M")+1)) | AG22: 21 Des 20 - 21 Des 2022 | AI22: =IF(AH22="","",(DATEDIF(AG22,AH22,"M")+1)) | AJ22: 22 Des 22 - 28 Feb 2025 | AL22: =IF(AK22="","",(DATEDIF(AJ22,AK22,"M")+1)) | AO22: =IF(AN22="","",(DATEDIF(AM22,AN22,"M")+1))
A23: =A22+1 -> 6 | B23: REZA SYAHPUTRA | C23: Sales | D23: =T23 -> Kontrak IV | E23: A | F23: 3 | G23: Kab. Labuhanbatu | I23: 1210011606030004 | J23: Islam | K23: Aek Paing | L23: 37788 | M23: =IF(L23="","",(DATEDIF(L23,TODAY(),"Y"))) -> 23 | N23: Aek Paing Tengah RT 001 RW 001 Desa Aek Paing Kec. Rantau Utara Kab. Labuhanbatu Sumut | O23: Belum kawin | P23: - | Q23: SMK | R23: 0853-2155-7187 | T23: Kontrak IV | U23: Freelance | AA23: 11 Feb 23 - 30 Jun 2023 | AC23: =IF(AB23="","",(DATEDIF(AA23,AB23,"M")+1)) | AD23: 01 Jul 23 - 30 Jun 2024 | AF23: =IF(AE23="","",(DATEDIF(AD23,AE23,"M")+1)) | AG23: 01 Jul 24 - 30 Jun 2025 | AI23: =IF(AH23="","",(DATEDIF(AG23,AH23,"M")+1)) | AJ23: 01 Jul 25 - 30 Jun 2026 | AL23: =IF(AK23="","",(DATEDIF(AJ23,AK23,"M")+1)) | AO23: =IF(AN23="","",(DATEDIF(AM23,AN23,"M")+1))
A24: =A23+1 -> 7 | B24: FERDY ARYANSYAH KSATRIA RANGKUTI | C24: Sales | D24: =T24 -> Tetap | E24: A | F24: 3 | G24: Kab. Labuhanbatu | I24: 1210011402820006 | J24: Islam | K24: Rantauprapat | L24: 29996 | M24: =IF(L24="","",(DATEDIF(L24,TODAY(),"Y"))) -> 44 | N24: Jl. Sri Wijaya RT / RW 000 Desa Binaraga Kec. Rantau Utara, Kab. Labuhanbatu | O24: Kawin | P24: K03 | Q24: S1 Akuntansi | R24: 0813-9785-8637 | T24: Tetap | U24: Dari GBP 09 Sep 2024 | AA24: 09 Sep 24 - 31 Jan 2025 (1 Agt 2019) | AC24: =IF(AB24="","",(DATEDIF(AA24,AB24,"M")+1)) | AF24: =IF(AE24="","",(DATEDIF(AD24,AE24,"M")+1)) | AI24: =IF(AH24="","",(DATEDIF(AG24,AH24,"M")+1)) | AL24: =IF(AK24="","",(DATEDIF(AJ24,AK24,"M")+1)) | AO24: =IF(AN24="","",(DATEDIF(AM24,AN24,"M")+1))
A25: =A24+1 -> 8 | B25: RAMADANI | C25: Sales | D25: =T25 -> Kontrak IV | E25: A | F25: 3 | G25: Kab. Labuhanbatu | I25: 1210011702940001 | J25: Islam | K25: Rantauprapat | L25: 34392 | M25: =IF(L25="","",(DATEDIF(L25,TODAY(),"Y"))) -> 32 | N25: Jl. Cik Ditiro Gg. Rejeki RT 001 RW 007 Desa Siringo - ringo Kec. Rantau Utara, Kab. Labuhanbatu, Sumut | O25: Kawin | P25: K01 | Q25: SMA | R25: 0853-6170-6878 | T25: Kontrak IV | U25: Dari GBP 09 Sep 2024 | AA25: 09 Sep 24 - 31 Jan 2025 (9 Okt 2023) | AC25: =IF(AB25="","",(DATEDIF(AA25,AB25,"M")+1)) | AD25: 01 Feb 25 - 31 Mei 2025 | AF25: =IF(AE25="","",(DATEDIF(AD25,AE25,"M")+1)) | AG25: 01 Jun 25 - 30 Sep 2025 | AI25: =IF(AH25="","",(DATEDIF(AG25,AH25,"M")+1)) | AJ25: 01 Okt 25 - 30 Sep 2026 | AL25: =IF(AK25="","",(DATEDIF(AJ25,AK25,"M")+1)) | AO25: =IF(AN25="","",(DATEDIF(AM25,AN25,"M")+1))
A26: =A25+1 -> 9 | B26: DEDY IRSYADH | C26: Sales | D26: =T26 -> Kontrak IV | E26: A | F26: 3 | G26: Kab. Labuhanbatu | I26: 1210011412880001 | J26: Islam | K26: Rantauprapat | L26: 32491 | M26: =IF(L26="","",(DATEDIF(L26,TODAY(),"Y"))) -> 37 | N26: Jl. Sri Wijaya RT / RW 000 Desa Binaraga Kec. Rantau Utara, Kab. Labuhanbatu | O26: Kawin | P26: K03 | Q26: S1 | R26: 0822-6044-1548 | T26: Kontrak IV | U26: Freelance | AA26: 09 Apr 25 - 31 Jul 2025 | AC26: =IF(AB26="","",(DATEDIF(AA26,AB26,"M")+1)) | AD26: 01 Agt 25 - 30 Nov 2025 | AF26: =IF(AE26="","",(DATEDIF(AD26,AE26,"M")+1)) | AG26: 01 Des 25 - 31 Mar 2026 | AI26: =IF(AH26="","",(DATEDIF(AG26,AH26,"M")+1)) | AJ26: 46113 | AK26: 46477 | AL26: =IF(AK26="","",(DATEDIF(AJ26,AK26,"M")+1)) -> 12 | AO26: =IF(AN26="","",(DATEDIF(AM26,AN26,"M")+1))
A27: =A26+1 -> 10 | B27: SURATMAN | C27: Sales | D27: =T27 -> Kontrak II | E27: A | F27: 3 | G27: Kab. Labuhanbatu | I27: 1210010306920003 | J27: Islam | K27: Bandar Selamat | L27: 33758 | M27: =IF(L27="","",(DATEDIF(L27,TODAY(),"Y"))) -> 34 | N27: Lingk. Bandar Selamat I RT 001 RW 004 Desa Pulo Padang Kec. Rantau Utara Kab. Labuhanbatu | O27: Kawin | P27: K02 | Q27: SMK | R27: 0858-3489-2225 | T27: Kontrak II | U27: Sales Lepas | AA27: 01 Sep 25 - 31 Des 2025 | AC27: =IF(AB27="","",(DATEDIF(AA27,AB27,"M")+1)) | AD27: 01 Jan 26 - 30 Apr 2026 | AF27: =IF(AE27="","",(DATEDIF(AD27,AE27,"M")+1)) | AI27: =IF(AH27="","",(DATEDIF(AG27,AH27,"M")+1)) | AL27: =IF(AK27="","",(DATEDIF(AJ27,AK27,"M")+1)) | AO27: =IF(AN27="","",(DATEDIF(AM27,AN27,"M")+1))
